{"type":"FeatureCollection","features":[{"type":"Feature","properties":{"nombre":"Abalá","NOMGEO":"Abalá","CVEGEO":"31001"},"geometry":{"type":"Polygon","coordinates":[[[-89.58713271960534,20.728193660161796],[-89.60906143009984,20.714986370864334],[-89.62962521980093,20.720984060741017],[-89.62898225881985,20.736092620966367],[-89.6434689395329,20.72978112087303],[-89.64856268952313,20.713811459994822],[-89.63971193980336,20.700438260451538],[-89.65204570964434,20.697106230083314],[-89.66663917026735,20.69938640093243],[-89.65811947947152,20.711386230921878],[-89.67649474913162,20.73481508125423],[-89.68444311885628,20.74118830996804],[-89.69269448952242,20.746183350491023],[-89.68967194030111,20.728509850424157],[-89.69976462953267,20.71699658067126],[-89.71437505985747,20.71843508025765],[-89.72229326011411,20.702140379962433],[-89.74635320044528,20.71074368034746],[-89.74912192033443,20.70581106044196],[-89.77157420025006,20.719154769695947],[-89.77071625010946,20.691210420098944],[-89.74975346035929,20.685926509908647],[-89.75191625026646,20.677469739794823],[-89.74490654016249,20.674239460003477],[-89.75867242979989,20.654616090011285],[-89.75972257991437,20.633416089652393],[-89.74526499978221,20.62767809032249],[-89.74969695013158,20.610820079859824],[-89.754736458934,20.60711838109277],[-89.7356777786167,20.609632021162238],[-89.71609779897153,20.607899200927957],[-89.70651057889023,20.60273612038338],[-89.69243794925447,20.601140940822294],[-89.6686195384614,20.592786201102353],[-89.66596390893646,20.58250378089096],[-89.65024822945745,20.572242200418867],[-89.64427668931218,20.57766306058981],[-89.61672807921371,20.57469186095948],[-89.65595930875968,20.60827465074805],[-89.65044434897739,20.60924588084538],[-89.62876707849394,20.5990401806259],[-89.6164451994011,20.598701251175065],[-89.60088691873538,20.59289783102218],[-89.59943221876146,20.59842615107425],[-89.57462819723801,20.597961181013936],[-89.5744693686924,20.585578551125522],[-89.54414079936036,20.581567511217862],[-89.53147785004212,20.595554050853412],[-89.54034111851595,20.608669740597826],[-89.53051877003011,20.616986660076307],[-89.54018037969493,20.630844820121652],[-89.56743349011604,20.63982265987011],[-89.56630907986494,20.650986489882637],[-89.55743074969645,20.649962059908397],[-89.55474487957859,20.679269890254695],[-89.56430405998591,20.67974468984126],[-89.56080818002516,20.710464450287628],[-89.57667242957312,20.712096319770424],[-89.58713271960534,20.728193660161796]]]}},{"type":"Feature","properties":{"nombre":"Acanceh","NOMGEO":"Acanceh","CVEGEO":"31002"},"geometry":{"type":"Polygon","coordinates":[[[-89.45570807961118,20.91323750975004],[-89.45687117983096,20.90997669039479],[-89.48217399974133,20.91507037960637],[-89.48247321957167,20.91467460038498],[-89.48254531911923,20.914588970139732],[-89.48261105978541,20.914503909887845],[-89.48373310858393,20.91145677005705],[-89.48387984879162,20.91085194031999],[-89.48341345879254,20.906408339936455],[-89.48382101203933,20.88725303140424],[-89.49233861984528,20.88999512129004],[-89.49570409326286,20.880008432874757],[-89.49843567806953,20.879273834678703],[-89.49845937946083,20.879297709752603],[-89.49862124025054,20.879183515168588],[-89.49888196929726,20.878369230024713],[-89.49888964988784,20.878318638618957],[-89.4995035996184,20.87668849126328],[-89.49998874978031,20.87661291088875],[-89.50069391004381,20.87650665077543],[-89.5010431690591,20.876450279931476],[-89.50106079272102,20.8764485935687],[-89.50303219860763,20.876172651152938],[-89.50310945887985,20.876170691123104],[-89.50326920029057,20.87615997088022],[-89.50507868966865,20.877934421042564],[-89.5090037133105,20.88225515674292],[-89.50599770985566,20.87821683016231],[-89.49103569021788,20.858359320031127],[-89.49488751970736,20.84999029039492],[-89.50751659958911,20.845386449636287],[-89.50439101962533,20.836873599772314],[-89.4962177195212,20.831369170055908],[-89.49660663004079,20.818163200002278],[-89.48446311029385,20.812270119889785],[-89.48715148954754,20.80148063034088],[-89.48275865018458,20.793561120162337],[-89.48208911018955,20.780809580275356],[-89.49969476949818,20.777373940304543],[-89.48921898035677,20.770637400089345],[-89.48424784526772,20.760470941710114],[-89.4835988541104,20.759588137183336],[-89.48306819922385,20.7588662899851],[-89.48204488273909,20.7578650159896],[-89.48204040002705,20.757860629547576],[-89.48204946939343,20.757915778714903],[-89.48215721775638,20.758571006254478],[-89.48217644598522,20.75868793135683],[-89.4813489988163,20.77404068010199],[-89.47348225889006,20.77395408045571],[-89.43827786002525,20.76249511077789],[-89.43419194932946,20.75216006066629],[-89.41959203032637,20.751073521270943],[-89.40658028029895,20.74579277012115],[-89.40645337984398,20.724231999825413],[-89.38501075028407,20.722269522115987],[-89.36570679905331,20.720695261015894],[-89.36921071036045,20.727497740785225],[-89.38745836968906,20.729546801249466],[-89.39954588969434,20.725718821005586],[-89.3972011094818,20.744140911279565],[-89.38228242967809,20.74252546111718],[-89.37367919955787,20.769107451131198],[-89.38515038003392,20.771242459886484],[-89.40048233965946,20.779347660359047],[-89.40495002978395,20.765213580285454],[-89.41935020048076,20.768464339962353],[-89.41988808038911,20.79132565031027],[-89.4043894198538,20.799186370085007],[-89.40321670970727,20.81776121985171],[-89.41292890970404,20.81904941961303],[-89.41723412001012,20.808011170346745],[-89.43795579968867,20.816579769671154],[-89.43189220027702,20.826510199679337],[-89.43170254963883,20.84759234964485],[-89.41650553993158,20.841969280177683],[-89.4116625797839,20.875567659581904],[-89.41635429027751,20.87621518013287],[-89.41172400013131,20.894746579760856],[-89.43471392021176,20.889257890215692],[-89.43471547514481,20.889262425407185],[-89.4349387604922,20.88991299516295],[-89.43511327910272,20.89042145108331],[-89.44063431001516,20.893916860371895],[-89.44090170859793,20.89375037953572],[-89.4416937796566,20.893257320253845],[-89.44169919125328,20.893264714356338],[-89.44222559873782,20.89398410996058],[-89.45570807961118,20.91323750975004]]]}},{"type":"Feature","properties":{"nombre":"Akil","NOMGEO":"Akil","CVEGEO":"31003"},"geometry":{"type":"Polygon","coordinates":[[[-89.35314912017559,20.324050880345546],[-89.36068421968885,20.324263709894865],[-89.36609773996885,20.310749351005256],[-89.3585867386096,20.30927541974053],[-89.36454401975446,20.29406022987045],[-89.38057548027618,20.29150470997408],[-89.38462828873813,20.287063029846465],[-89.37057436891615,20.279468921050388],[-89.38378368938011,20.248528259970033],[-89.39166925908016,20.199700319735374],[-89.37124910982541,20.196919139719054],[-89.35953008025045,20.217918850013227],[-89.35313694039353,20.22299922026447],[-89.34602460022451,20.21880162033745],[-89.3355060304692,20.221361199840207],[-89.33210854924592,20.23067606383782],[-89.31147954031847,20.253236581354262],[-89.30877721973394,20.260117080708525],[-89.2991140897596,20.259989860884115],[-89.29830998020653,20.2792092311026],[-89.31959633913529,20.2814076607466],[-89.31824175007446,20.290910680764696],[-89.31096991954716,20.291548171042457],[-89.3081842796068,20.307464050501743],[-89.32376809003598,20.30642066088283],[-89.33914881992037,20.308885661177868],[-89.33965076999637,20.319088050971942],[-89.35289525856219,20.318267140579017],[-89.35314912017559,20.324050880345546]]]}},{"type":"Feature","properties":{"nombre":"Baca","NOMGEO":"Baca","CVEGEO":"31004"},"geometry":{"type":"Polygon","coordinates":[[[-89.3400934296983,21.11399778034165],[-89.36116480050836,21.120060019742457],[-89.36103660017277,21.137639860044796],[-89.35754567984763,21.146103539874954],[-89.36219002982415,21.161383449570454],[-89.37640435019767,21.172338049900716],[-89.40899485000848,21.1815239196082],[-89.40562896990849,21.21094101956537],[-89.40843415049774,21.22557501980057],[-89.41545987961902,21.23029892025427],[-89.43727416974103,21.234625909757522],[-89.44222095041654,21.203909219924544],[-89.44373671956146,21.185713450357817],[-89.42999727959902,21.183206079782305],[-89.43372183033249,21.14451476984455],[-89.41533902995721,21.141770880033867],[-89.42004981985794,21.13571989033009],[-89.43445157994574,21.13734479988181],[-89.43748149025443,21.124498720087256],[-89.42686827980938,21.107691200304505],[-89.43460817043068,21.10700608021344],[-89.43150211973213,21.089722800318643],[-89.41750054016173,21.0864636302903],[-89.41495356979111,21.071960689936812],[-89.39774576979441,21.066441679873066],[-89.39739398282843,21.07502560781738],[-89.39738276206538,21.074695432070772],[-89.39737567952282,21.074487000307375],[-89.39744204959209,21.073577630089265],[-89.39480161962571,21.073496119641252],[-89.39467023727649,21.07348739929664],[-89.39413947519627,21.07345216959202],[-89.3863242898763,21.06466484961139],[-89.38911555007464,21.048903320306003],[-89.39651400044099,21.053605540163748],[-89.39973217012756,21.033992349741183],[-89.3823620201193,21.044628169609382],[-89.37150277952806,21.047564150304886],[-89.3646041500283,21.058721740049435],[-89.36915329020098,21.060730430234457],[-89.37454048006582,21.078512029735112],[-89.36583474029273,21.089901430199372],[-89.35186470988124,21.09014294028111],[-89.35836586036605,21.10396308032765],[-89.34596519967208,21.102367020381394],[-89.3400934296983,21.11399778034165]]]}},{"type":"Feature","properties":{"nombre":"Bokobá","NOMGEO":"Bokobá","CVEGEO":"31005"},"geometry":{"type":"Polygon","coordinates":[[[-89.15873975001665,21.054115800050784],[-89.17844386024011,21.05720275008641],[-89.19499714951093,21.054912480100654],[-89.20007514998663,21.035112149783807],[-89.20855825026798,21.035415579955906],[-89.2072810203241,21.027920030018212],[-89.21833602956615,21.02663634029408],[-89.22050189002454,21.007623170139887],[-89.19957180030846,21.006836180197823],[-89.20005405016754,20.989628219992372],[-89.20898618037612,20.99038886038467],[-89.2104377094875,20.978673340396664],[-89.18224731965395,20.96891854970135],[-89.18850687971323,20.95919437995923],[-89.20420586041062,20.956400830241087],[-89.20315862023533,20.95051674981611],[-89.19405792037206,20.946080290460166],[-89.1933316199552,20.945037260374672],[-89.19230798013862,20.943134890368775],[-89.1902487499306,20.940119059747133],[-89.1875883995653,20.93912182956319],[-89.16685707971162,20.933859889842168],[-89.16562087969658,20.93849527995975],[-89.16212391990537,20.953383259579315],[-89.15671432024274,20.94835074044301],[-89.15002617019763,20.947890599981054],[-89.1471563102276,20.957385119617847],[-89.147138619757,20.95746815025408],[-89.14807125951549,20.958043380106897],[-89.1478046799228,20.959025910249007],[-89.1461902500998,20.962530149867504],[-89.14566871999605,20.967263290215346],[-89.15368722029655,20.968572890165714],[-89.15102404971681,21.00027381963561],[-89.13787091038114,21.000473230339832],[-89.13220531013104,21.02683746005491],[-89.1461341496162,21.02837137002442],[-89.14230060009683,21.037228889933903],[-89.15503404961916,21.03637268998398],[-89.15988385006524,21.044926580294774],[-89.15873975001665,21.054115800050784]]]}},{"type":"Feature","properties":{"nombre":"Buctzotz","NOMGEO":"Buctzotz","CVEGEO":"31006"},"geometry":{"type":"Polygon","coordinates":[[[-88.47622605976429,21.312132720230277],[-88.509830540104,21.318985459954227],[-88.51945851023082,21.32369096969126],[-88.52167096973758,21.314774370341986],[-88.58394894996859,21.323666889909113],[-88.5934595198022,21.319027400075413],[-88.61514586031566,21.32369940006792],[-88.61785751049351,21.34326467976503],[-88.6439423504042,21.34395301983014],[-88.65875119964556,21.340974119845672],[-88.65627754049405,21.333989859843665],[-88.64328807990759,21.339107579784585],[-88.63889708986592,21.330393139990015],[-88.6216535100501,21.329171949833725],[-88.62133201993558,21.319364200034677],[-88.63707242043566,21.31621895012667],[-88.63602271049396,21.304710889641164],[-88.66350981989999,21.30326516963955],[-88.68746156989413,21.297425860161162],[-88.71430423010666,21.299916419708637],[-88.71489866011541,21.293070830156083],[-88.75694959957482,21.293850580026618],[-88.77780284976201,21.295845230282573],[-88.78001282983048,21.289596769996262],[-88.80219405969717,21.290991289769956],[-88.8008292189396,21.2764677103919],[-88.80504804922035,21.249336630270914],[-88.82342615116758,21.25052791256134],[-88.82347705390283,21.250538663235766],[-88.82655905933213,21.25131423052357],[-88.82747130984752,21.25158506066587],[-88.82801037022791,21.249508421259037],[-88.82829520331671,21.248192039148737],[-88.82859301917797,21.24699403938997],[-88.83346945006201,21.247633029861813],[-88.84905744894084,21.249605050154006],[-88.8511258787513,21.24037639993815],[-88.8321940186902,21.230862910364316],[-88.83364691975363,21.207965850084314],[-88.81955487988998,21.21602675030925],[-88.81648670880395,21.184637449556668],[-88.77683877878174,21.182280660149708],[-88.77911943025575,21.16210822046391],[-88.79785887870432,21.160437150100456],[-88.81422322876746,21.16400479959086],[-88.81621510919976,21.157077059676773],[-88.79654583032352,21.154218941323904],[-88.79787121976833,21.13967600087329],[-88.7546351796676,21.143711601210786],[-88.75758477980003,21.121006799943334],[-88.73625050883976,21.11600625956137],[-88.69765503037027,21.11193208970541],[-88.7061024902749,21.0809843698516],[-88.67603871041307,21.083842250150894],[-88.65606826044443,21.083895719922655],[-88.6532835798752,21.097958939945446],[-88.64087432026062,21.0999034900841],[-88.63730834026133,21.12402570983787],[-88.62409099954795,21.12243449040781],[-88.61777478008368,21.153493050386402],[-88.6032883802297,21.151609509820076],[-88.59175877015613,21.15681053970835],[-88.58985526005385,21.170433719857296],[-88.57400657043364,21.172324249747607],[-88.56305172024885,21.168524139664665],[-88.55959039954529,21.177109550277308],[-88.53878822033361,21.179799279736603],[-88.52210882996265,21.179753020241936],[-88.50905759958992,21.17191267980542],[-88.50537077920355,21.169701450420124],[-88.50311787878121,21.168779369568977],[-88.49370110869154,21.16265422097782],[-88.49073253990655,21.160898351043755],[-88.48462982033041,21.16981353959791],[-88.48108923035902,21.174783229720944],[-88.4789612290484,21.178032710701924],[-88.47809784898587,21.186906251004526],[-88.4836699699311,21.189310580410467],[-88.47988648002602,21.209882180278377],[-88.47390409022934,21.208776369794567],[-88.46916002955682,21.248878380244946],[-88.48312625006054,21.251708649850638],[-88.47622605976429,21.312132720230277]]]}},{"type":"Feature","properties":{"nombre":"Chacsinkín","NOMGEO":"Chacsinkín","CVEGEO":"31016"},"geometry":{"type":"Polygon","coordinates":[[[-88.9823250601387,20.289121200539856],[-89.00318878000188,20.29123471979748],[-89.00626638047966,20.266641449971964],[-89.01911239987511,20.267275309896366],[-89.01356074981277,20.240192309900866],[-89.02532322975279,20.243076139778278],[-89.03617195041272,20.237111979847107],[-89.04259051017236,20.223593090061907],[-89.06957101964454,20.18235951996551],[-89.0777779396894,20.156981429693765],[-89.08676742963728,20.157979969702108],[-89.08860515032444,20.150661740472554],[-89.07275224982287,20.142202619888682],[-89.06863294025148,20.143673110166326],[-89.03863799964368,20.135609259713675],[-89.02967821973141,20.129145349619176],[-88.9929884002403,20.12471572045374],[-88.99179714033048,20.146155519675975],[-88.99884068982759,20.146702950083405],[-88.99623825003464,20.170212089962845],[-88.96847094002213,20.16690886004123],[-88.96788325958441,20.196057570522335],[-88.97864716930867,20.20611095034198],[-88.97909096976773,20.22422345963793],[-88.98524128004657,20.242386579659712],[-88.96864184989748,20.25225763034797],[-88.98248465927468,20.255948110345052],[-88.98880723026959,20.264497420695218],[-88.9823250601387,20.289121200539856]]]}},{"type":"Feature","properties":{"nombre":"Chankom","NOMGEO":"Chankom","CVEGEO":"31017"},"geometry":{"type":"Polygon","coordinates":[[[-88.4966211699877,20.621966880077636],[-88.51264733989495,20.6266187995516],[-88.5304874497126,20.638374520078585],[-88.54521033989498,20.635922420060968],[-88.5535629500187,20.638888369781103],[-88.58443502956277,20.638150429753292],[-88.5925114599549,20.645352250269],[-88.61196456959782,20.645662369810633],[-88.61444482035958,20.617346910356925],[-88.62495697993995,20.618571400178713],[-88.62524843004181,20.62611459967139],[-88.64767514991905,20.628629199818665],[-88.6554338301503,20.625815309853092],[-88.64679958038761,20.619877259784666],[-88.62804268994866,20.591586169831775],[-88.62333336996195,20.55545244985174],[-88.61304553982292,20.554787749820708],[-88.6125809195541,20.5035057797763],[-88.61073202965642,20.48299141986232],[-88.63090742021394,20.48294260036031],[-88.63112591987857,20.47178623039872],[-88.63806767973544,20.45037564964769],[-88.65793791004013,20.4521106295852],[-88.65591051956542,20.424505909592284],[-88.64424728027933,20.41949479988458],[-88.64319754012634,20.40461045007154],[-88.65051062033588,20.406369659731652],[-88.65264703028936,20.352629090306692],[-88.64829643015744,20.351049830300003],[-88.65540389026707,20.292717029950396],[-88.64808433971848,20.292818650067446],[-88.64541271995658,20.283468120012923],[-88.61717906052131,20.279661199605844],[-88.61759162978632,20.289907430015926],[-88.6122339798039,20.29661394979897],[-88.61142490954607,20.315785320214413],[-88.59758990983687,20.316255479565076],[-88.58790495026922,20.411720420088727],[-88.52860508048609,20.404900419749787],[-88.52245175006522,20.44859415036412],[-88.51764141974014,20.469588290206186],[-88.47157687975691,20.49388071954968],[-88.4502140299111,20.49133371034862],[-88.44877871976739,20.51280834005584],[-88.45797963018242,20.51570631991621],[-88.45316414026925,20.525819569983785],[-88.44183225039893,20.534424430024576],[-88.42359445014887,20.532061999959282],[-88.43295369031993,20.539358320041483],[-88.50345219977568,20.528227510401173],[-88.52776163044534,20.520900150305195],[-88.54818128016942,20.52652937966094],[-88.54662605027765,20.536355249673477],[-88.5005425697418,20.53886147955226],[-88.50428600021984,20.56095501977547],[-88.48838715040391,20.56102861979638],[-88.48805955043898,20.565584339787026],[-88.46971850972153,20.565714020391113],[-88.4566728498922,20.56906164991908],[-88.45307620005559,20.591770149652902],[-88.4468625103265,20.607926969909762],[-88.47171201996613,20.607298720223216],[-88.49407536986286,20.603713489941363],[-88.4966211699877,20.621966880077636]]]}},{"type":"Feature","properties":{"nombre":"Chapab","NOMGEO":"Chapab","CVEGEO":"31018"},"geometry":{"type":"Polygon","coordinates":[[[-89.45314124983335,20.555925800407426],[-89.46246544869953,20.54970720018772],[-89.47946977913602,20.56153589001712],[-89.49270555037822,20.55746332022986],[-89.51191681985853,20.565097769748807],[-89.52179379899947,20.566231710308468],[-89.52277520760369,20.57404159000492],[-89.54369284852929,20.57687205060722],[-89.53994630852849,20.565132111129717],[-89.53740930923551,20.53646922111169],[-89.54938345884412,20.537904780951198],[-89.56454085867875,20.522602290356073],[-89.57834282930799,20.52152738087098],[-89.58742279872865,20.503544510582042],[-89.58211053554135,20.501074413517763],[-89.5817980492249,20.4997618969127],[-89.58179819685013,20.49976157397849],[-89.56766291951072,20.49773002104833],[-89.56299167852823,20.48788186053761],[-89.55012468924666,20.490727340741724],[-89.52627119884697,20.48330646100105],[-89.50320215450638,20.47549128411355],[-89.4986612840874,20.46648890956726],[-89.50410976944164,20.442372509970102],[-89.49381334014862,20.43912385108438],[-89.49398303011755,20.431415139596005],[-89.48856905850164,20.426807054816855],[-89.46893851987083,20.424867969947144],[-89.46593367999682,20.431951680284826],[-89.44951916969349,20.423583079892758],[-89.4403943995351,20.42934516983192],[-89.42675097985038,20.431055859828913],[-89.4226841102073,20.439131819719485],[-89.41540832022326,20.440342089646077],[-89.41268656957577,20.45637227954047],[-89.40779925955499,20.487944179794273],[-89.41573035044978,20.495190420163244],[-89.43334986045672,20.49748026009194],[-89.43406204675729,20.505770437513313],[-89.42362816969629,20.526923400206616],[-89.44050303003576,20.52726316989261],[-89.44761653970875,20.539783799650646],[-89.45314124983335,20.555925800407426]]]}},{"type":"Feature","properties":{"nombre":"Chemax","NOMGEO":"Chemax","CVEGEO":"31019"},"geometry":{"type":"Polygon","coordinates":[[[-87.578340680163,20.925736660692685],[-87.58268398036101,20.975557630613025],[-87.6246207191638,20.97880068983948],[-87.6250619696339,20.991064980066387],[-87.66323999945126,20.99387280036974],[-87.66626967963892,20.958298350079488],[-87.68658547928521,20.959774259549526],[-87.68908131035019,20.97085399958145],[-87.75382599854177,20.97583251064102],[-87.75098561907548,20.96043748991022],[-87.76981214903098,20.960393721223085],[-87.76989068899782,20.950011229592334],[-87.77756561977456,20.950061430225787],[-87.77755021972513,20.960400219583406],[-87.78730851880594,20.96036985106514],[-87.7884943395586,20.969564689864153],[-87.80073679955144,20.969526020691497],[-87.82609087991577,20.98169405014148],[-87.81995593887878,20.949564420822092],[-87.83220837889577,20.925129280441677],[-87.83235991947996,20.902948750886164],[-87.86287348001413,20.90272955023988],[-87.87413708004105,20.90042526053572],[-87.89333504992581,20.880648000474338],[-87.8928135688219,20.867795579930046],[-87.92659500016768,20.873322229667146],[-87.93418143029346,20.840458430833504],[-87.95724216998182,20.847629740046095],[-87.95230001944974,20.841388320600693],[-87.95888033849961,20.828796800988055],[-87.94805847869118,20.819533261202864],[-87.95121585022913,20.811714220405545],[-87.98024860041593,20.80384645028742],[-87.97693331971688,20.78933043006743],[-87.98973182988824,20.795227941146447],[-88.00527228909043,20.79024140090869],[-88.00593711869189,20.781777749626773],[-88.01602854906577,20.761838879694565],[-88.01779350964512,20.747881541091218],[-87.99873262032281,20.745639230547],[-87.99492407859087,20.730159429716565],[-88.00965762904066,20.729909579784284],[-88.03902891927206,20.73366002047981],[-88.0421280602508,20.724378750381845],[-88.0448197795453,20.719753230221027],[-88.04364348864236,20.71441998086182],[-88.02327589039528,20.705565629805225],[-88.02187413920544,20.696882490362942],[-88.02256039865307,20.6931832195285],[-88.02254311017558,20.692547291069765],[-88.0223478153194,20.685368423747146],[-88.02234777012391,20.685366779994226],[-88.02559912032318,20.6861887106539],[-88.02830071998763,20.679960320339877],[-88.03133734934202,20.680775951025083],[-88.03217674018757,20.67786498010697],[-88.0325156299481,20.676838090248406],[-88.03276205973347,20.67609137016556],[-88.0314356593959,20.67558151119551],[-88.03026430951743,20.6745904303095],[-88.0245500188167,20.671318281234004],[-88.02186430971226,20.670601661110066],[-88.0209345688704,20.670622490496164],[-88.01712743019337,20.670934081317576],[-88.0153934497759,20.66994426044656],[-88.01281336998905,20.66820263090493],[-88.01324601927764,20.663345400416436],[-88.01495807958509,20.657887180854814],[-88.02229037994941,20.658038200625587],[-88.0243781090634,20.651722520693024],[-88.02669530922664,20.650296371022925],[-88.02857417028322,20.64772335048358],[-88.03129889029582,20.64326265056624],[-88.03105716953252,20.642942151195598],[-88.03307682988202,20.638390031315407],[-88.03230967994432,20.63718095065368],[-88.03284948971245,20.63328258114674],[-88.03325068957469,20.632113660985492],[-88.03380796851482,20.63161552099454],[-88.01478591940521,20.63344008071608],[-88.01413519857715,20.631956550800535],[-88.0130143188751,20.631951880953313],[-88.0084860792864,20.632234750698018],[-88.00575868887606,20.6298693404821],[-88.00542158020265,20.6258168807671],[-88.00552557993561,20.620947831211943],[-88.00759605848792,20.61677869086474],[-88.0011297387387,20.610276861209734],[-87.99696586014687,20.602272381359747],[-87.99697456859683,20.599496680434225],[-87.99531259975622,20.5991511105576],[-87.99252133921419,20.59916715080196],[-87.99059810886827,20.599249220426497],[-87.98904631854057,20.598441260917017],[-87.97873477993805,20.589459819744118],[-87.98631000021629,20.555025851213887],[-87.97770956876491,20.52869014043404],[-88.01568364856875,20.533706180350393],[-88.01312813926482,20.52169097051873],[-87.94425718018607,20.51467552018254],[-87.94920320016085,20.47143589008217],[-87.93800649021908,20.470196690298668],[-87.74425948034823,20.65378709059473],[-87.67572731015132,20.766263349971545],[-87.578340680163,20.925736660692685]]]}},{"type":"Feature","properties":{"nombre":"Cacalchén","NOMGEO":"Cacalchén","CVEGEO":"31007"},"geometry":{"type":"Polygon","coordinates":[[[-89.20855825026798,21.035415579955906],[-89.21771079985497,21.037186419612837],[-89.22110658031077,21.02776465982733],[-89.22983935049061,21.020441939813747],[-89.24050668982748,21.017922650373883],[-89.24223012035198,21.028443380472304],[-89.25465883004597,21.030834570305036],[-89.2801829395194,21.035385599984096],[-89.28200314014406,21.020123379711684],[-89.30239797025352,21.01688442016187],[-89.30086921991453,21.007863570423744],[-89.3251388295535,21.006197399967746],[-89.32568402023537,21.001648320099452],[-89.3020640802003,20.991769479936252],[-89.28781469025323,20.990302520355225],[-89.27286500007662,20.981422369611476],[-89.27975634005287,20.966979080058106],[-89.28963447973292,20.96549369019768],[-89.317465250253,20.968141680020896],[-89.31833688957019,20.955406509873495],[-89.3112390502963,20.95549611988976],[-89.30403445266383,20.952913569335458],[-89.3035652807294,20.952662144600698],[-89.30194457004225,20.95249742984915],[-89.30125200930632,20.95242208426221],[-89.3030945102813,20.94267280003553],[-89.29953455045434,20.926089569756183],[-89.28943784964562,20.937886399890104],[-89.28126392033917,20.93422396982611],[-89.26236562013246,20.94049683025797],[-89.24295671015642,20.932844859711967],[-89.23344938009511,20.928858369894904],[-89.21453854980881,20.925762109638395],[-89.21178148028078,20.945175370307705],[-89.20315862023533,20.95051674981611],[-89.20420586041062,20.956400830241087],[-89.18850687971323,20.95919437995923],[-89.18224731965395,20.96891854970135],[-89.2104377094875,20.978673340396664],[-89.20898618037612,20.99038886038467],[-89.20005405016754,20.989628219992372],[-89.19957180030846,21.006836180197823],[-89.22050189002454,21.007623170139887],[-89.21833602956615,21.02663634029408],[-89.2072810203241,21.027920030018212],[-89.20855825026798,21.035415579955906]]]}},{"type":"Feature","properties":{"nombre":"Calotmul","NOMGEO":"Calotmul","CVEGEO":"31008"},"geometry":{"type":"Polygon","coordinates":[[[-88.00990983003133,21.010100709815983],[-88.00851610962735,21.027056510306185],[-87.99456832022766,21.028410150182573],[-87.99360455020542,21.03604492024072],[-88.0000251497807,21.04591080017953],[-87.98538240030858,21.05148560001582],[-87.98218725982717,21.074641920382188],[-88.00372278014821,21.07432880029243],[-88.00427614989701,21.05424192022812],[-88.01649904993951,21.054736380290894],[-88.01640091978152,21.042340290177986],[-88.05181954988198,21.041193860236966],[-88.0468779697798,21.061066340215238],[-88.0490382498067,21.06727478019987],[-88.07248771990373,21.062546079702972],[-88.08369477999314,21.06623677038631],[-88.08777350991954,21.07329148003365],[-88.09795290987078,21.070045659781567],[-88.10872777009767,21.077953170197304],[-88.11234071018072,21.069671570335448],[-88.13171165971629,21.064675079631524],[-88.12965994041947,21.078192179649193],[-88.1514175395295,21.078769480067077],[-88.15031584954087,21.08348715039816],[-88.18313477967834,21.086915109699138],[-88.1828161396404,21.0760897399159],[-88.20533305951398,21.079813200277986],[-88.21493388003326,21.078435769935314],[-88.21683679871941,21.066351000863875],[-88.22961976892618,21.049296510771413],[-88.22751679955576,21.04309501975744],[-88.2356239992304,21.042047980997847],[-88.2373980203829,21.042314550275783],[-88.23673007989666,21.03745934026568],[-88.23653351007867,21.033204690177566],[-88.23665216922032,21.031018150256216],[-88.23705393859642,21.029610250742184],[-88.2386515496841,21.029786181235952],[-88.24178528004408,21.028502819780076],[-88.24337405982835,21.028774720090713],[-88.24515861946429,21.028093170934426],[-88.24580156930374,21.027906149666514],[-88.24576021891262,21.024928650031153],[-88.24538428994433,21.02124663080486],[-88.24443316859157,21.018250180549444],[-88.2411078299141,21.010567061167034],[-88.24276367854289,20.99152566049475],[-88.23700242923002,20.990837430628],[-88.23467231994258,20.975788629585473],[-88.23226177917402,20.972878170681426],[-88.23486716908724,20.97137918088349],[-88.23677521966792,20.970436881009892],[-88.23915016956089,20.969498580143725],[-88.2406107189824,20.969143200603742],[-88.24107497992715,20.969222109703267],[-88.24139041940428,20.968169181222173],[-88.22827281920736,20.96460754071309],[-88.22404067976983,20.964468230505105],[-88.22322573948081,20.964581420590942],[-88.22187403028217,20.965052089907914],[-88.22199961906571,20.965768230778583],[-88.22196614936665,20.966804709877646],[-88.22209904879294,20.967685980323516],[-88.22187665972045,20.96805353996603],[-88.22134188984933,20.970054090315035],[-88.22094488864064,20.971081490886448],[-88.22009092007313,20.972234380917868],[-88.21164119915834,20.97520775117474],[-88.20905256985952,20.976343660181488],[-88.19916256911253,20.975523150371014],[-88.195168089866,20.97658460089101],[-88.19922927870395,20.970276650229916],[-88.20001350904151,20.965932450124708],[-88.19913380000341,20.964353939856217],[-88.19824246007991,20.963913419810595],[-88.19723937953079,20.963501710317445],[-88.17128414032997,20.95966570970614],[-88.1652482003541,20.9692399497729],[-88.12737778005013,20.964101279761923],[-88.12586946039741,20.950794276927464],[-88.1162545197284,20.943279169535888],[-88.10333689021954,20.941661489749414],[-88.10391639965063,20.956371599633137],[-88.09092378025994,20.956816510413837],[-88.09122214015143,20.943192429977504],[-88.09851958000888,20.92415357998685],[-88.09813894982248,20.909398019746877],[-88.09036405994931,20.908889399927137],[-88.08834271037345,20.92873518017338],[-88.0620661694961,20.92486948031032],[-88.0546191202691,20.95575572017768],[-88.04706898023109,20.9585033096168],[-88.04973940016721,20.972299429721716],[-88.04465794035607,20.980250310043157],[-88.0481668498334,21.000302749696804],[-88.04269318026226,21.001824399928825],[-88.02247137015603,20.994802449847906],[-88.01796453975962,20.990651399555436],[-87.99914241959716,20.984832660217037],[-88.00990983003133,21.010100709815983]]]}},{"type":"Feature","properties":{"nombre":"Cansahcab","NOMGEO":"Cansahcab","CVEGEO":"31009"},"geometry":{"type":"Polygon","coordinates":[[[-89.08027670984988,21.21766368974874],[-89.08248114923883,21.213492509698664],[-89.1075702887554,21.217134600771356],[-89.11358854900948,21.22538797045978],[-89.11636584935107,21.225831381186914],[-89.11651439946546,21.225842629607822],[-89.11642508016872,21.20852845060283],[-89.13952609038058,21.20976212013253],[-89.14274239981336,21.206387940222083],[-89.14014774969051,21.204954309912637],[-89.13860762021028,21.204396219831015],[-89.14537910954678,21.18883748986342],[-89.14661311998876,21.167354969614692],[-89.12586815018338,21.174993200166217],[-89.12577130990869,21.16167072001194],[-89.11901187984068,21.153029850371382],[-89.13195840031499,21.146417880043515],[-89.12894528968847,21.134055119633448],[-89.13746451964928,21.123047050152127],[-89.12644268974579,21.11947237973736],[-89.12151348978362,21.1268583503674],[-89.11206340007342,21.12706803045113],[-89.09676101962653,21.126646709871185],[-89.09405015023857,21.113054400472507],[-89.0770924804168,21.111918489915695],[-89.07581525023701,21.12608694972676],[-89.04285611992574,21.127100480371023],[-89.03341888038945,21.121121119681273],[-89.03447366021793,21.108701310398256],[-89.01869147973795,21.107260970006013],[-89.01737360031927,21.136089830449368],[-88.99351194988348,21.140575819925843],[-88.99433741977248,21.14602086040736],[-89.01161281884718,21.14584712024354],[-89.01094787943707,21.16275692081358],[-89.00101005941518,21.17353838071914],[-89.00015007992577,21.199163539907733],[-89.03513142026827,21.19518367957621],[-89.04604698027673,21.206164480170937],[-89.06473455026337,21.207875149781362],[-89.08027670984988,21.21766368974874]]]}},{"type":"Feature","properties":{"nombre":"Cantamayec","NOMGEO":"Cantamayec","CVEGEO":"31010"},"geometry":{"type":"Polygon","coordinates":[[[-88.97713640016936,20.493903319609192],[-88.9976369394666,20.491771310813018],[-88.9997438001444,20.504078169822844],[-89.01702941960976,20.50181135099554],[-89.02168093922295,20.491186580889224],[-89.04934123001482,20.49304123053272],[-89.04671432021193,20.51263163093318],[-89.0365617099021,20.52925114996357],[-89.05561842931913,20.52964107961286],[-89.07241172002291,20.501418949811125],[-89.08288991926081,20.5130563395152],[-89.10214385942251,20.528748781000335],[-89.11024219935332,20.51621849033631],[-89.12319710988717,20.528085350114562],[-89.12315311986569,20.532886580080728],[-89.13778607882614,20.53959822964145],[-89.1457597197803,20.501254680601853],[-89.13302848878203,20.494178510343957],[-89.14017249008872,20.47120447982736],[-89.1770131092028,20.469158219621338],[-89.1756406488793,20.458345370674202],[-89.18156798012909,20.45485150972449],[-89.17459179885515,20.44199191952398],[-89.17480543001597,20.425752831038086],[-89.15900694929105,20.421670489928232],[-89.16528268984166,20.405306691321567],[-89.1579854587821,20.406884401042372],[-89.14635741998342,20.407041259582783],[-89.1453014196724,20.40704908973122],[-89.14409394016809,20.407154261180874],[-89.1433081388494,20.40700937109382],[-89.14236772363599,20.406890388704017],[-89.14142192044754,20.40695067979731],[-89.13865079994974,20.406203651028797],[-89.1302092602103,20.406232621071684],[-89.12941728978197,20.406604999847577],[-89.12901580038582,20.407095400902804],[-89.1283640295197,20.408618019685964],[-89.12690414946677,20.409285460774004],[-89.12449405884887,20.410667480427065],[-89.12371291927494,20.410966830499216],[-89.1228640901246,20.41107094106123],[-89.12189014888759,20.41124678025186],[-89.12081763065923,20.411082298402967],[-89.11960715244383,20.41096581523736],[-89.11923407973542,20.410959320258986],[-89.11461222939325,20.409609820762107],[-89.1138461489609,20.40924835085829],[-89.111733829513,20.408633569985543],[-89.10752016988631,20.404062860004554],[-89.10659798023296,20.398763121157263],[-89.09329488009816,20.38882786023948],[-89.07166324941801,20.377445740597427],[-89.09299114928682,20.367978111146112],[-89.07613391961678,20.356420289749828],[-89.06679171988459,20.352250019984922],[-89.04318456858371,20.33685822023008],[-89.03428328902716,20.333744691046714],[-89.00158547936368,20.335156971020634],[-89.00508156994196,20.291463720570878],[-89.00318878000188,20.29123471979748],[-88.9823250601387,20.289121200539856],[-88.97752431887763,20.288632230902465],[-88.97634102000409,20.320833430350405],[-88.94299337861554,20.317281769948913],[-88.94230233942945,20.327367170229245],[-88.94200525010879,20.33247966055131],[-88.95831836988745,20.337589709686913],[-88.95318006036838,20.389754939687144],[-88.95095512022624,20.421877170640876],[-88.95951932036833,20.42734480105657],[-88.98454248960293,20.43416908029254],[-88.97728035026034,20.441271880370525],[-88.97288714975785,20.452858579883795],[-88.95765012008384,20.465749720346714],[-88.96186091996111,20.477371310552513],[-88.96319478000412,20.491892320344828],[-88.97713640016936,20.493903319609192]]]}},{"type":"Feature","properties":{"nombre":"Celestún","NOMGEO":"Celestún","CVEGEO":"31011"},"geometry":{"type":"MultiPolygon","coordinates":[[[[-92.3025000013586,20.989399978887068],[-92.32490000174056,20.98389997797081],[-92.318600001439,20.971199978364105],[-92.3064000011766,20.977099978004684],[-92.3025000013586,20.989399978887068]]],[[[-90.23782211980966,20.930758719872184],[-90.27226305875857,20.934942120203615],[-90.23864362035916,20.997880461096887],[-90.18505113959728,21.035671139775985],[-90.16766471975252,21.048876060165927],[-90.16775571951052,21.109191539654628],[-90.19724591021063,21.089234420570378],[-90.19969585988613,21.09255218131836],[-90.2213750495135,21.07943409084522],[-90.30571753909638,21.031744629781443],[-90.32249321897632,21.02062375026249],[-90.3402132594066,21.00352594126162],[-90.36213823005434,20.96868566127743],[-90.36932008915127,20.953595049984234],[-90.38489514029784,20.906613170659153],[-90.39462478029634,20.873943290391303],[-90.40683276967846,20.847745770216637],[-90.39984719919858,20.8452868007502],[-90.37935699958852,20.84832728965369],[-90.38182150984487,20.749520230253985],[-90.27853736959463,20.750588980006672],[-90.25936108022918,20.734211310321676],[-90.23070456993689,20.76417706094226],[-90.20696701991814,20.74479011012647],[-90.19346705020868,20.758921970329336],[-90.19528511967987,20.770939739628897],[-90.18127099975239,20.788986579672976],[-90.17056293955328,20.78526836992166],[-90.12384855042978,20.778006510341026],[-90.15984857012596,20.841489690165506],[-90.17065801994255,20.842724479692667],[-90.17519478040819,20.836533110412734],[-90.21647414028214,20.841314169982056],[-90.20922004954957,20.9048080300738],[-90.2278317099958,20.907391739572965],[-90.21536150997302,20.92767624966165],[-90.23782211980966,20.930758719872184]]]]}},{"type":"Feature","properties":{"nombre":"Cenotillo","NOMGEO":"Cenotillo","CVEGEO":"31012"},"geometry":{"type":"Polygon","coordinates":[[[-88.50905759958992,21.17191267980542],[-88.52210882996265,21.179753020241936],[-88.53878822033361,21.179799279736603],[-88.55959039954529,21.177109550277308],[-88.56305172024885,21.168524139664665],[-88.57400657043364,21.172324249747607],[-88.58985526005385,21.170433719857296],[-88.59175877015613,21.15681053970835],[-88.6032883802297,21.151609509820076],[-88.61777478008368,21.153493050386402],[-88.62409099954795,21.12243449040781],[-88.63730834026133,21.12402570983787],[-88.64087432026062,21.0999034900841],[-88.6532835798752,21.097958939945446],[-88.65606826044443,21.083895719922655],[-88.67603871041307,21.083842250150894],[-88.7061024902749,21.0809843698516],[-88.70993102006113,21.071929780285334],[-88.71475161978368,21.04107854034871],[-88.71321168964238,21.03962792012408],[-88.7047126490079,21.033183150999218],[-88.70278737995747,21.024497340492882],[-88.70548901875067,21.001829650405263],[-88.70322956901667,20.987689250425095],[-88.66037454986797,20.98313366041965],[-88.66776779970567,20.93782685021603],[-88.66138094916768,20.93711548099848],[-88.66047675024195,20.91365225959098],[-88.6460555390926,20.912358250027367],[-88.63774520024604,20.91691978080175],[-88.61585423008894,20.910550830853637],[-88.61821239969474,20.893750371213443],[-88.60517964948241,20.878677581203185],[-88.60068360000808,20.878033580209593],[-88.60037790993623,20.905507420293844],[-88.58774116951078,20.90059852027139],[-88.58225163019507,20.91837957991163],[-88.56432354043898,20.913301549916948],[-88.55818773978423,20.90300024967926],[-88.5470099401505,20.904999310198665],[-88.53237865993603,20.902897029994186],[-88.52311852016463,20.920440089758543],[-88.51963574029251,20.937571739709803],[-88.48765334009548,20.933858230031323],[-88.47472584868048,20.94558962032313],[-88.47464096881197,20.952617140875088],[-88.47478497044906,20.958154879877473],[-88.46044805040167,20.96026465973711],[-88.46313796871374,20.977285079771335],[-88.46490792020029,20.98798092034508],[-88.46582085882527,20.993959780888574],[-88.48123499999971,20.99384766105492],[-88.48282235018172,21.01092139966721],[-88.48700661886907,21.02356677107067],[-88.48573692037255,21.03560188067414],[-88.4765948590268,21.03406823014689],[-88.47617301919107,21.034516971287175],[-88.47116614909001,21.04838237069],[-88.47328051041934,21.04899474027197],[-88.47456857047675,21.054463219816125],[-88.48085221990374,21.05502725010992],[-88.48001509034728,21.069158491040167],[-88.48554481928592,21.070823660546562],[-88.49702274987756,21.07474839970449],[-88.49642099944472,21.07672337093455],[-88.49618479916165,21.077498549804428],[-88.49462047995172,21.08263242069267],[-88.49344067986614,21.08650409006095],[-88.4927731793192,21.088945570344166],[-88.49262603032939,21.091203280673223],[-88.49285733987676,21.093467520345303],[-88.49281669015198,21.098435351361072],[-88.49383756942724,21.116145000911935],[-88.50706745961325,21.117388399938758],[-88.50706740763523,21.117388897497683],[-88.50706734929842,21.11738945828895],[-88.50583849016,21.129195880612574],[-88.50357901971987,21.12904942976692],[-88.49992548867692,21.12881257073155],[-88.49050005869964,21.12820113970011],[-88.49037247866715,21.12995906059146],[-88.4900708804837,21.13411414969823],[-88.50722537035229,21.135900971269777],[-88.50632614900806,21.147818369629924],[-88.51345634978802,21.150720880423087],[-88.51367530940914,21.160353080398266],[-88.51183008854913,21.16544872070015],[-88.50905759958992,21.17191267980542]]]}},{"type":"Feature","properties":{"nombre":"Conkal","NOMGEO":"Conkal","CVEGEO":"31013"},"geometry":{"type":"Polygon","coordinates":[[[-89.49636885974634,21.122476569653962],[-89.51194086027289,21.120692262073494],[-89.52278805956743,21.124672259986426],[-89.53660888974063,21.119918910956322],[-89.54988467921514,21.115324380633663],[-89.55315878078338,21.088646871292624],[-89.55763074968176,21.08894431956152],[-89.56627722958741,21.07810548092483],[-89.56210234900205,21.06390985090374],[-89.54282236907807,21.059308750728814],[-89.54070972152265,21.05532598768379],[-89.54014134961602,21.054254449766095],[-89.53969474862744,21.053412460700923],[-89.53944963574597,21.052950353182453],[-89.53923578011059,21.052547169844136],[-89.53900193399518,21.052106287590966],[-89.53899176024754,21.052087107208074],[-89.5387725992643,21.051673910341044],[-89.53876033588668,21.0516507877379],[-89.53852430942041,21.05120575021095],[-89.53824841895694,21.050837511214628],[-89.53809552371483,21.050681665738473],[-89.52013117947408,21.048393719812697],[-89.50987831026508,21.044129492117484],[-89.510199719698,21.025866830954673],[-89.51016204437214,21.02586549122933],[-89.49989716925917,21.02632952072309],[-89.49970134996572,21.03648354124363],[-89.4983224034816,21.036443631750316],[-89.49799545971396,21.0386412503597],[-89.4928595462441,21.045214680295846],[-89.49165005964419,21.046062661686655],[-89.49099863013126,21.050911320154636],[-89.49345868873847,21.05101859959044],[-89.49343363658832,21.05202885987538],[-89.49338071018903,21.054163023785332],[-89.49520059869536,21.057650710847287],[-89.49521977902654,21.05767400078392],[-89.49633504367195,21.059028004599234],[-89.49683469535523,21.059634603450817],[-89.50069783028513,21.06432439960554],[-89.48488953997142,21.083487080303087],[-89.46705038018766,21.066293772226043],[-89.4652536202095,21.071378381109422],[-89.44556611035664,21.07806842981023],[-89.43829544958564,21.084843119751422],[-89.44456620002576,21.09402137995589],[-89.45849333862722,21.086137480675248],[-89.46935278012018,21.092601249944337],[-89.47025914036934,21.093357000303822],[-89.4724501399093,21.09518383656398],[-89.47245071985218,21.095184319583943],[-89.47246372251097,21.095173995979575],[-89.47977402986668,21.099244059814744],[-89.48892010955768,21.09489931000539],[-89.49146015035923,21.112029690370747],[-89.49636885974634,21.122476569653962]]]}},{"type":"Feature","properties":{"nombre":"Cuncunul","NOMGEO":"Cuncunul","CVEGEO":"31014"},"geometry":{"type":"Polygon","coordinates":[[[-88.30257594670412,20.681339511445266],[-88.31103869010994,20.680305320056426],[-88.31743224963039,20.693741029646848],[-88.33259899984253,20.68926431015198],[-88.34063016878497,20.69191437989116],[-88.33738271992475,20.704335080367148],[-88.34511773921868,20.705218830286427],[-88.34761774855384,20.68743275028108],[-88.37123830959774,20.687561090290004],[-88.36225534893683,20.706617119708234],[-88.38034570972941,20.712426619550712],[-88.38383057801478,20.68803548972237],[-88.37563213924467,20.687074220315132],[-88.38005026022529,20.67254491982857],[-88.39407099967528,20.658503349923784],[-88.38727993943593,20.644123999763554],[-88.3696170901164,20.642069460449488],[-88.3689608297407,20.63554213972774],[-88.38205887861139,20.629976349634923],[-88.38512902027232,20.622975420234297],[-88.36363594968485,20.617136020353744],[-88.34705035021945,20.61754828026837],[-88.34545314020431,20.607135220297096],[-88.37571611033891,20.59015511986851],[-88.39744157910967,20.58311445982031],[-88.41424645035373,20.57331962980195],[-88.41582726878487,20.554626882763973],[-88.41607421072733,20.55035591238286],[-88.41695132187218,20.548797473536954],[-88.42970177023008,20.54892390981709],[-88.43295369031993,20.539358320041483],[-88.42359445014887,20.532061999959282],[-88.39807656905322,20.532311799598467],[-88.38749697827578,20.536105939586985],[-88.38154674033044,20.544850820072515],[-88.37120609006232,20.54297954994909],[-88.36246467920118,20.54661534992925],[-88.36165148958587,20.56607209035701],[-88.34290443025733,20.588026460264352],[-88.32698887863403,20.589118849944413],[-88.32973677963959,20.597119540312807],[-88.29032302987731,20.598129170376854],[-88.29134019970661,20.612023629986382],[-88.28231623027438,20.61118648980982],[-88.26958971617479,20.626156021731465],[-88.28222725644045,20.633633711770763],[-88.28060109165675,20.652439174180138],[-88.29679951599725,20.655315449791356],[-88.29669008813585,20.666198171722133],[-88.29184301895992,20.677339541925168],[-88.30257594670412,20.681339511445266]]]}},{"type":"Feature","properties":{"nombre":"Cuzamá","NOMGEO":"Cuzamá","CVEGEO":"31015"},"geometry":{"type":"Polygon","coordinates":[[[-89.3019899993334,20.764910230708182],[-89.31961704859948,20.776744661066644],[-89.33092564914956,20.778578571252968],[-89.35009225877215,20.77498103050323],[-89.35514413990401,20.766453000682294],[-89.35680902019895,20.75392371047294],[-89.36754629496191,20.757751356020826],[-89.36753498378008,20.757778860489616],[-89.36742101960934,20.758037850729096],[-89.36724762965369,20.758532740621384],[-89.36768435667668,20.75869664361706],[-89.3676948198767,20.75870056974676],[-89.3677027719667,20.75870355422882],[-89.36840396651868,20.758966696590598],[-89.36849791923127,20.759001955032712],[-89.36873899992773,20.759092421073866],[-89.36872134885185,20.759162750379055],[-89.36878777552072,20.759318293560813],[-89.36867487978635,20.759631341287587],[-89.36868928834784,20.75963671147584],[-89.36870092340206,20.759641047210053],[-89.36878027976293,20.75967062097447],[-89.36888574961664,20.759709951009693],[-89.36882904225656,20.759902483572223],[-89.3687872597981,20.76004434068752],[-89.36879246587576,20.760045967839233],[-89.36906254980208,20.760921950670525],[-89.36906802213049,20.760924176362593],[-89.3694962503502,20.761098351096045],[-89.36948784811739,20.761117084680482],[-89.36948684639533,20.761119319084596],[-89.36906048907673,20.762069970709696],[-89.37367919955787,20.769107451131198],[-89.38228242967809,20.74252546111718],[-89.3972011094818,20.744140911279565],[-89.39954588969434,20.725718821005586],[-89.38745836968906,20.729546801249466],[-89.36921071036045,20.727497740785225],[-89.36570679905331,20.720695261015894],[-89.38501075028407,20.722269522115987],[-89.38689591887288,20.714155801189385],[-89.40202502009255,20.70950818117999],[-89.4092857086693,20.69806380053463],[-89.39634839922626,20.69171258102584],[-89.39358811926967,20.696467520993746],[-89.3990332594781,20.70025951103844],[-89.39874667886296,20.702214940890677],[-89.39269730869269,20.697857570630397],[-89.3931957447031,20.697118570475002],[-89.38887209909268,20.695484984112106],[-89.38881122961327,20.6954728310383],[-89.37764957912293,20.702816450431822],[-89.36987491917452,20.699871020547512],[-89.38264336928833,20.680157201244427],[-89.3567759395525,20.67759538083433],[-89.36433930922205,20.648472551147634],[-89.35340330912463,20.645672231039843],[-89.3505870895178,20.66509603126317],[-89.33857097043179,20.661536049809207],[-89.33576714982922,20.67128005075343],[-89.32703607966343,20.66604543106711],[-89.32758344996932,20.659054260932262],[-89.31030733957014,20.66294728070438],[-89.31729371867632,20.672934740505376],[-89.31181451957659,20.69324683096572],[-89.29539027996472,20.69126562095231],[-89.29471370874406,20.69863700086599],[-89.30603387917989,20.700156860688775],[-89.30504127909441,20.708511230972263],[-89.32396344272783,20.712425718401256],[-89.32439162919644,20.713235400533918],[-89.32487565003397,20.71333948070955],[-89.32494811999715,20.713508680976872],[-89.31409031981994,20.721217581212652],[-89.30340741977408,20.718300751100333],[-89.2991347491139,20.734456710589395],[-89.30108576046841,20.740660096727293],[-89.30065325952167,20.740755920689363],[-89.30529476890858,20.75994797120053],[-89.3019899993334,20.764910230708182]]]}},{"type":"Feature","properties":{"nombre":"Chicxulub Pueblo","NOMGEO":"Chicxulub Pueblo","CVEGEO":"31020"},"geometry":{"type":"Polygon","coordinates":[[[-89.51300655042134,21.17244171033497],[-89.52659888969137,21.190404110194834],[-89.52988560043562,21.181413060449234],[-89.56693748008657,21.186436880447314],[-89.56905495025117,21.17181971098666],[-89.5663246489666,21.163976920982154],[-89.55332493957584,21.15670361954999],[-89.55882050973182,21.127993370869685],[-89.5433673097301,21.126453859986455],[-89.53660888974063,21.119918910956322],[-89.52278805956743,21.124672259986426],[-89.51194086027289,21.120692262073494],[-89.49636885974634,21.122476569653962],[-89.48858798034418,21.128776579779068],[-89.4706819397585,21.132196230286066],[-89.47389339976917,21.137359320282528],[-89.49018062001721,21.134502549958743],[-89.48822545038408,21.146135659753735],[-89.49693617989125,21.151420709705306],[-89.499000059593,21.171004249549],[-89.51300655042134,21.17244171033497]]]}},{"type":"Feature","properties":{"nombre":"Chichimilá","NOMGEO":"Chichimilá","CVEGEO":"31021"},"geometry":{"type":"Polygon","coordinates":[[[-88.16799231035246,20.60254331038674],[-88.18171145927964,20.615904319939784],[-88.17691517973235,20.625405340794792],[-88.18355084966602,20.651491249911643],[-88.20726941777738,20.65008644103099],[-88.21293827873465,20.64620953087742],[-88.23237645931411,20.648196340056845],[-88.23645307819933,20.636660131074528],[-88.2442993676765,20.626993411573032],[-88.2407291692982,20.620895019501678],[-88.24439805930535,20.59977486118472],[-88.23562403042683,20.59427554024169],[-88.23739893938476,20.582344351139394],[-88.25304918029472,20.56127901986003],[-88.25283742919264,20.54549542988277],[-88.24985125014406,20.53454157129669],[-88.24350794977241,20.527271381163036],[-88.22300430978568,20.523290279648137],[-88.2204319699223,20.51590248068205],[-88.22490287906437,20.495587879914602],[-88.2269102000969,20.467109940273875],[-88.2248969485638,20.458072510187645],[-88.25165541925557,20.47180714992742],[-88.2577526592185,20.460203340309796],[-88.27162736853074,20.46389908079344],[-88.26849781894103,20.446840449768775],[-88.26036905953188,20.446128690793],[-88.25933433961782,20.435454480129195],[-88.26571824988913,20.417881061080003],[-88.25920023034287,20.406715309783916],[-88.25839301936918,20.393430379904704],[-88.25179287861017,20.37960606079965],[-88.24906622991195,20.358689940655168],[-88.2341141803742,20.359614799824868],[-88.23564427970233,20.347220200510797],[-88.23309305863582,20.31805723116827],[-88.2326694794699,20.290178911128464],[-88.23270516908266,20.286998449808404],[-88.16716244854996,20.28541805067898],[-88.13648960039772,20.281371780307172],[-88.0649294302608,20.34953705039886],[-88.06691688993746,20.354076260949796],[-88.07343104863106,20.37116240010343],[-88.07453922908414,20.375920049844208],[-88.07376439917222,20.394191779770395],[-88.08393964945387,20.396122980048652],[-88.08887491903921,20.398928690176067],[-88.09340434850343,20.399924450735877],[-88.09389594980175,20.399976999980957],[-88.09452211878416,20.400066820220253],[-88.09665141931866,20.40033571949001],[-88.09791525918479,20.40042214003628],[-88.10611931005631,20.40031046007317],[-88.1117853103582,20.400023000218866],[-88.11755915019975,20.400161029848327],[-88.11726148879428,20.402131290860588],[-88.1184687086855,20.4102623811202],[-88.1206416597593,20.41618551082939],[-88.12956631012153,20.423543979772127],[-88.13501150962645,20.435935860359262],[-88.13682544971907,20.452329019970687],[-88.1336224489146,20.463545180283646],[-88.13359508973053,20.464957140849954],[-88.13322757860622,20.466429770390356],[-88.13318287913638,20.467213691215402],[-88.13080061865388,20.466858380295673],[-88.12829985991456,20.466277350698796],[-88.12692162896411,20.465825060941327],[-88.12634102874377,20.46566285109657],[-88.11760123007436,20.49718020011651],[-88.11799828936623,20.499986379815702],[-88.11989314876244,20.50774525045541],[-88.12327805866417,20.508431220277572],[-88.12467259938103,20.508505450471183],[-88.12586925864031,20.50801864960558],[-88.12738033935223,20.50738446003694],[-88.14236813885184,20.51124737060306],[-88.15854817001703,20.508806660488126],[-88.1591016796508,20.509176380852384],[-88.16110707982334,20.51063422063122],[-88.16150517022878,20.511555261161668],[-88.16185784966196,20.51295237093634],[-88.1631984495041,20.51530362066158],[-88.16375541905073,20.516167750536994],[-88.1655646491516,20.519121690625585],[-88.16619901862089,20.520464280952947],[-88.16644670900604,20.522742090853434],[-88.1680549799822,20.526223350954577],[-88.16917942967928,20.52893564983182],[-88.17283434979029,20.539824920315596],[-88.16047208921817,20.54264789098418],[-88.16151952027744,20.55657062068459],[-88.16229150977885,20.558787081169033],[-88.16729017876641,20.56246271120659],[-88.16696856969851,20.563195030719164],[-88.16661008037498,20.56499331094501],[-88.16667601863185,20.566064171210417],[-88.16684472034456,20.567481371240483],[-88.16691091952836,20.568145780931626],[-88.16715190979694,20.56920306103115],[-88.1672602485037,20.570258371022092],[-88.16653365000624,20.57010458120499],[-88.16628870865675,20.569983200747785],[-88.16463236895292,20.57001337073196],[-88.16420605007833,20.56995589081869],[-88.16292485948306,20.569782060993607],[-88.16251462866349,20.56966737058164],[-88.1603191990709,20.569697711067846],[-88.15946445885356,20.569446680646173],[-88.15845610956718,20.569302820455054],[-88.15693036974294,20.568850050985553],[-88.15975302440845,20.578317349750463],[-88.16614534857116,20.579546720137582],[-88.17250227932891,20.585109849631714],[-88.17113365882994,20.595042851123818],[-88.17110506524062,20.59521677382784],[-88.17109413479696,20.59528325734722],[-88.17105837588265,20.595500753545025],[-88.1709763186637,20.595999859559427],[-88.17093056208518,20.596284494847215],[-88.17083342022185,20.596888780387044],[-88.16976322070174,20.597785790762543],[-88.16974905847609,20.59779766096483],[-88.16820009051318,20.601285362933943],[-88.16816731846629,20.601483769069077],[-88.16799231035246,20.60254331038674]]]}},{"type":"Feature","properties":{"nombre":"Chikindzonot","NOMGEO":"Chikindzonot","CVEGEO":"31022"},"geometry":{"type":"Polygon","coordinates":[[[-88.44955745978443,20.403948619589002],[-88.51786142047213,20.416239259991674],[-88.52860508048609,20.404900419749787],[-88.58790495026922,20.411720420088727],[-88.59758990983687,20.316255479565076],[-88.59794654027179,20.312942619879816],[-88.5729416796969,20.31037450986836],[-88.57688605970829,20.27988762007408],[-88.58165865039267,20.27893198018882],[-88.58340896977866,20.26072277971371],[-88.5814284597909,20.249681229575106],[-88.60303515030138,20.24896452047056],[-88.6057731803786,20.225819280407926],[-88.60143890998276,20.225504340377846],[-88.60155244973741,20.2043677803385],[-88.6126566001094,20.19701262037608],[-88.6147007802585,20.179820450073326],[-88.6407872501788,20.18389311978581],[-88.64572064964732,20.121082339901246],[-88.67456327970196,20.12689204985453],[-88.6747238004808,20.10462521958878],[-88.69008919993395,20.10493363012588],[-88.6906089096236,20.089856119856748],[-88.63986640015891,20.12035605971208],[-88.61917314965241,20.117171540032174],[-88.61862357028274,20.12776915033472],[-88.6127059498738,20.13312505030406],[-88.58797352024916,20.13145119963242],[-88.58767565969755,20.140469680395178],[-88.57815046009952,20.139174280014352],[-88.57668155000536,20.148078309739542],[-88.50762119992237,20.143391090062156],[-88.50234524982267,20.19007794957212],[-88.51992994987067,20.192328030388914],[-88.44342617966018,20.238149780354277],[-88.41511380038521,20.23297045042994],[-88.40912239976024,20.239728140344706],[-88.4091277403704,20.252097319813917],[-88.40974477960481,20.262710819940015],[-88.40629905021098,20.306808689691216],[-88.41348874952621,20.317534110357578],[-88.41430835013846,20.335505660102896],[-88.4228294198436,20.33335868027317],[-88.43022369032218,20.34171618016799],[-88.45932255035362,20.34222377008864],[-88.45644096981145,20.376200539571133],[-88.44955745978443,20.403948619589002]]]}},{"type":"Feature","properties":{"nombre":"Chocholá","NOMGEO":"Chocholá","CVEGEO":"31023"},"geometry":{"type":"Polygon","coordinates":[[[-89.71437505985747,20.71843508025765],[-89.73225577999844,20.72035440007397],[-89.73163192033554,20.735041080463624],[-89.73964035006539,20.73773448983489],[-89.73631643003634,20.747025369618225],[-89.74646378019617,20.74917168992769],[-89.73934007952985,20.77091561986256],[-89.72901515016804,20.775299850118163],[-89.75091598012762,20.782348310018413],[-89.77233994028548,20.772890690370062],[-89.78780727982229,20.762523109915385],[-89.78903496957338,20.773750679952922],[-89.79683211008447,20.776928149626176],[-89.80926189036147,20.770149370090422],[-89.82469687977634,20.787435849596562],[-89.84957236970955,20.798798090074232],[-89.8511995404563,20.82283848989472],[-89.87226862963097,20.824002380117886],[-89.87557214969999,20.804062829521747],[-89.89346460000444,20.802371430413515],[-89.88910591971184,20.790958290071526],[-89.89209094020447,20.77682574959419],[-89.8867563202003,20.77362841998716],[-89.89507109010896,20.751396179848477],[-89.91427036992106,20.75489620007979],[-89.91105449040388,20.793822950077065],[-89.92325366031976,20.795116779834203],[-89.9294685204707,20.787610459900797],[-89.94442482995554,20.76172085985021],[-89.97464271956981,20.760453459568605],[-89.99595417025161,20.76584677025483],[-90.00967674985915,20.766005230161664],[-90.01853135034794,20.73604504958676],[-89.99999999971224,20.732988420176735],[-89.97789787966987,20.72427396992016],[-89.96921150955659,20.72488457022004],[-89.93873256961076,20.72055269015178],[-89.95084776983194,20.694649980399106],[-89.92201650963014,20.69087721965243],[-89.9213324899684,20.697714549602345],[-89.87182602040353,20.69183930977439],[-89.84190442988293,20.679147740433535],[-89.84686943029774,20.669218950022152],[-89.82138681994971,20.669140540306696],[-89.79284216990965,20.6332151502798],[-89.74898284999145,20.6290805199194],[-89.74526499978221,20.62767809032249],[-89.75972257991437,20.633416089652393],[-89.75867242979989,20.654616090011285],[-89.74490654016249,20.674239460003477],[-89.75191625026646,20.677469739794823],[-89.74975346035929,20.685926509908647],[-89.77071625010946,20.691210420098944],[-89.77157420025006,20.719154769695947],[-89.74912192033443,20.70581106044196],[-89.74635320044528,20.71074368034746],[-89.72229326011411,20.702140379962433],[-89.71437505985747,20.71843508025765]]]}},{"type":"Feature","properties":{"nombre":"Chumayel","NOMGEO":"Chumayel","CVEGEO":"31024"},"geometry":{"type":"Polygon","coordinates":[[[-89.23075862021554,20.50534634045285],[-89.2251667799251,20.51749928985049],[-89.23683550983748,20.51680919978821],[-89.27084548025371,20.521173319783134],[-89.28874542046933,20.52986991959072],[-89.29033831001657,20.5201094203993],[-89.29945080031379,20.516717400223932],[-89.30792893977386,20.48584568037149],[-89.31417673948843,20.479083370322922],[-89.31874477045184,20.46470913970045],[-89.33333723002765,20.454483260063107],[-89.33673422979604,20.447120109584546],[-89.32965089023013,20.42894305011448],[-89.3156129986956,20.41751177948558],[-89.30589125992083,20.418131170019862],[-89.297499259946,20.413004170199823],[-89.28751491948584,20.419404680089826],[-89.28715950903336,20.427511089574896],[-89.2790838797607,20.43764867974228],[-89.26407754960664,20.432775090107143],[-89.25141616845842,20.434512200285308],[-89.24470577017934,20.45149911994154],[-89.23858476982439,20.472695710181572],[-89.23730228043937,20.494526400071422],[-89.23075862021554,20.50534634045285]]]}},{"type":"Feature","properties":{"nombre":"Mayapán","NOMGEO":"Mayapán","CVEGEO":"31049"},"geometry":{"type":"Polygon","coordinates":[[[-89.14790480039746,20.555831489954713],[-89.17169765990141,20.55986725959788],[-89.18288032041583,20.543988169901922],[-89.1795259800181,20.526454140002656],[-89.1857486495838,20.515470229636986],[-89.21402842020876,20.50539348019807],[-89.23075862021554,20.50534634045285],[-89.23730228043937,20.494526400071422],[-89.23858476982439,20.472695710181572],[-89.24470577017934,20.45149911994154],[-89.24118085978415,20.451803709953065],[-89.24269375016047,20.44112550959685],[-89.22493659913766,20.440439260282936],[-89.22003951999025,20.429967450380815],[-89.20822082966225,20.431627449695913],[-89.20013523025023,20.42479152016925],[-89.19279888999608,20.427191379756373],[-89.18911444967378,20.43730181996257],[-89.18668167970853,20.444634949744138],[-89.18156798012909,20.45485150972449],[-89.1756406488793,20.458345370674202],[-89.1770131092028,20.469158219621338],[-89.14017249008872,20.47120447982736],[-89.13302848878203,20.494178510343957],[-89.1457597197803,20.501254680601853],[-89.13778607882614,20.53959822964145],[-89.12315311986569,20.532886580080728],[-89.12122170959154,20.548160679550566],[-89.12743167962692,20.547355660342863],[-89.14356024984897,20.55359622011269],[-89.14790480039746,20.555831489954713]]]}},{"type":"Feature","properties":{"nombre":"Mérida","NOMGEO":"Mérida","CVEGEO":"31050"},"geometry":{"type":"Polygon","coordinates":[[[-89.56693748008657,21.186436880447314],[-89.57766190925629,21.19030712118492],[-89.60631962921367,21.191060110889858],[-89.60748205004742,21.17861305058198],[-89.61885090906722,21.182346939875746],[-89.64710673937833,21.184720140005005],[-89.64541056961838,21.166206380421215],[-89.65467031863432,21.144415229467704],[-89.66766830999741,21.14908688989605],[-89.68206105875124,21.150663280084895],[-89.67996286023609,21.167516940117213],[-89.70211162969532,21.170047910244534],[-89.70339888952434,21.159327019829835],[-89.7143755487242,21.160581570813832],[-89.72166154027273,21.188295630320464],[-89.72826901987612,21.183224490495746],[-89.75751691881332,21.18591499972058],[-89.75947779944786,21.17103461965612],[-89.78414677920928,21.17386566052104],[-89.79180807999819,21.165548511088204],[-89.80119916987577,21.14914333967295],[-89.79692806026719,21.139239780287593],[-89.7867735090463,21.138608460912067],[-89.76853179896369,21.09103209092316],[-89.74902028024708,21.08867235133457],[-89.75165377907385,21.07129537002482],[-89.73771671043114,21.069935859736102],[-89.73841539905136,21.049406459911687],[-89.71384067917737,21.053829200866737],[-89.7101310294717,21.036512110630788],[-89.72367531939187,21.037927540419812],[-89.7324591193895,21.01312852122647],[-89.72909487993519,21.003738919942872],[-89.72877591010736,20.998775710199116],[-89.72872599811805,20.9976281039446],[-89.72824201973162,20.98649943103852],[-89.7445671785173,20.98083205057031],[-89.74897338444646,20.9708714466985],[-89.74924886067649,20.953075123607007],[-89.73779000140509,20.94910822907625],[-89.73067216136049,20.94669498827549],[-89.72673168747264,20.944055510206972],[-89.73212778033242,20.92323143445074],[-89.71312477430557,20.928259870529107],[-89.71104807717323,20.927888793818095],[-89.71187904397333,20.924372316987675],[-89.71046488809132,20.924095730327824],[-89.70734982569088,20.922794066034488],[-89.69976440869365,20.921285325605357],[-89.690304879185,20.927692812893728],[-89.68908437943973,20.925657971094434],[-89.68903016423143,20.925567576970405],[-89.68882887455123,20.925231981264265],[-89.68861237283764,20.9248710215453],[-89.68845149976504,20.924604793384972],[-89.69380321688581,20.921818340645483],[-89.69326809257154,20.92100844949647],[-89.69231112018521,20.91956007063675],[-89.68995587074356,20.915997703650962],[-89.68926781428775,20.91495695041068],[-89.68785442370256,20.912818997855098],[-89.68581305413112,20.90976155487955],[-89.6853715195863,20.90924832605571],[-89.68534370023563,20.908073928875282],[-89.68529559669895,20.906201854016807],[-89.67586043141411,20.89459769686525],[-89.67582961267775,20.894544190547034],[-89.67325439142247,20.890072819574556],[-89.6754478595418,20.88113716696102],[-89.67625666892782,20.879569190831475],[-89.67841885964489,20.880201450169288],[-89.68024856874902,20.878137062746173],[-89.67885326680204,20.872112368870813],[-89.67874183669281,20.871667643787116],[-89.67051347972374,20.860135887379286],[-89.66658923972,20.86014716204115],[-89.66489531887807,20.860149877493185],[-89.66457023906136,20.8601465814461],[-89.65974307436625,20.859859023476567],[-89.65764653542155,20.859633926572943],[-89.65710983707447,20.859576301812023],[-89.65729869419258,20.858325674902005],[-89.6573576319317,20.858182552009424],[-89.65781322744297,20.85707610098156],[-89.65801690130996,20.857062915769042],[-89.65784785070062,20.849132506540435],[-89.66232067664524,20.848401004391597],[-89.66356089034367,20.842263660068355],[-89.66283822931922,20.840110062847483],[-89.665286017607,20.839184752098493],[-89.6672599696492,20.841289510829036],[-89.66882079948212,20.84278029219171],[-89.67014357041934,20.843056600340713],[-89.67319705620115,20.83525306260447],[-89.67454159060823,20.83184376207156],[-89.67487506003678,20.830984202900762],[-89.6787832177327,20.827304170018817],[-89.68688935107808,20.824992532363453],[-89.69235064948057,20.82316858076623],[-89.70067386113342,20.82277143424756],[-89.70173916365668,20.82275956876251],[-89.71103228003338,20.82265576923017],[-89.71112510584143,20.81602280098743],[-89.71036935433219,20.81266774829269],[-89.70220737141948,20.808501337621482],[-89.69776670488989,20.812554279814375],[-89.6927329539627,20.811368125943012],[-89.6908419319829,20.810933905502495],[-89.69071465936379,20.81090480113846],[-89.69024730586875,20.812680791977787],[-89.68844892003445,20.819464032788627],[-89.68523220383447,20.809687620789276],[-89.6865665107378,20.804375098309254],[-89.69304399321048,20.794620362329734],[-89.70072602379587,20.797426886208743],[-89.6998151819673,20.79987004620538],[-89.70962591405403,20.802646003871597],[-89.71011370597277,20.800438702778536],[-89.71177899050109,20.79152553966052],[-89.70829905747314,20.774062786507724],[-89.70612843636903,20.774241996637045],[-89.70163248802886,20.77461308937753],[-89.69972073677226,20.77556009401799],[-89.69560183043117,20.77765555780032],[-89.69194188188324,20.778663481990034],[-89.69192723006063,20.777801033177116],[-89.69162917979337,20.7758545563428],[-89.69097361991143,20.774097537006746],[-89.68532354699596,20.774725197572025],[-89.68517121830716,20.77267191830305],[-89.68519618509549,20.772570542749584],[-89.68462658333489,20.768447689711703],[-89.69101245736755,20.767714590311954],[-89.69304417744641,20.748377107920536],[-89.68444311885628,20.74118830996804],[-89.67649474913162,20.73481508125423],[-89.65811947947152,20.711386230921878],[-89.66663917026735,20.69938640093243],[-89.65204570964434,20.697106230083314],[-89.63971193980336,20.700438260451538],[-89.64856268952313,20.713811459994822],[-89.6434689395329,20.72978112087303],[-89.62898225881985,20.736092620966367],[-89.62962521980093,20.720984060741017],[-89.60906143009984,20.714986370864334],[-89.58713271960534,20.728193660161796],[-89.57751922887928,20.72987640090289],[-89.57594411994484,20.7432776202739],[-89.58582591938182,20.74511203053903],[-89.5790888198214,20.76176046080919],[-89.564771089453,20.78713560081982],[-89.56722808884692,20.800210780374606],[-89.55494428953494,20.79907437988585],[-89.5541187098231,20.807791949690444],[-89.58385877896917,20.82270594958133],[-89.57011785876462,20.841460140361363],[-89.53808264922402,20.837478420563592],[-89.54347910942798,20.85041337986747],[-89.54367956415285,20.850903690502754],[-89.5437545499737,20.851261100179876],[-89.54386541255033,20.85178950801972],[-89.54428990053295,20.8531519876083],[-89.54496326011386,20.854826050220463],[-89.55296876034443,20.870382125163626],[-89.5529774458079,20.871317233541124],[-89.55300557866705,20.872543582344072],[-89.55301562254758,20.87298137544351],[-89.5582723937631,20.87724474964238],[-89.55247805173175,20.87544838148321],[-89.54926959810795,20.877104348469533],[-89.54886271175442,20.877604016949714],[-89.54562901975137,20.88137178818039],[-89.55020480696261,20.88536404783179],[-89.55266172333992,20.887606067554497],[-89.55417769831624,20.88616387478077],[-89.55567380382513,20.88600914992614],[-89.56187059602027,20.89023677233085],[-89.57584747978248,20.882308660258513],[-89.5832144243312,20.882589284175264],[-89.58348271514583,20.884818495107982],[-89.58365915231886,20.885651395228322],[-89.58859924725223,20.890511740920182],[-89.59001771816604,20.892107742636348],[-89.59449984281525,20.89709117458319],[-89.59660012332394,20.896633074354682],[-89.59777003231652,20.89635944698124],[-89.59893434788663,20.89610670913495],[-89.59933178124662,20.898192683939836],[-89.59954047754007,20.899277539250466],[-89.59957440673669,20.89945425970467],[-89.59973630876077,20.900297527936633],[-89.59991293188047,20.901162341949767],[-89.60011477519166,20.902211870895627],[-89.60028088837936,20.902987819795108],[-89.6003494525174,20.903338789676962],[-89.60044042662479,20.90380468874689],[-89.6006172535831,20.904723570898188],[-89.60066410208744,20.904980827175958],[-89.60083957427169,20.905884434826778],[-89.6008744648431,20.90607281220966],[-89.60096125306694,20.906519759580323],[-89.60104210755365,20.906949660660285],[-89.6011106639046,20.907304909139825],[-89.60114422370656,20.907481812872387],[-89.60118204288356,20.90768727329846],[-89.60128040063191,20.908185344952308],[-89.60139082459003,20.90875559906382],[-89.60142610199907,20.908945189127664],[-89.60172102824473,20.910484855836085],[-89.60180510457798,20.910920720066],[-89.60194753000087,20.91165399575612],[-89.60198991153057,20.911877569350267],[-89.60216130702642,20.912755929152308],[-89.60217925841253,20.91286175175701],[-89.60224017094728,20.91317686579913],[-89.60238049285861,20.913894815180377],[-89.60252014217949,20.914627734120288],[-89.60256096349605,20.914822629401765],[-89.60292400269545,20.916715658753176],[-89.60295890038182,20.916902382559496],[-89.60307091459912,20.917481989839604],[-89.60312027059878,20.917739711426865],[-89.6033326672627,20.918581355123443],[-89.60341368216798,20.918814297552636],[-89.60461576906114,20.92282445011199],[-89.60460056191299,20.922811978769094],[-89.60448020086535,20.922913637546653],[-89.60347576824293,20.923719845809607],[-89.59975140657656,20.92639670477557],[-89.59908545140951,20.92686420769329],[-89.5985298929059,20.927290158825492],[-89.59749278450288,20.92805754170085],[-89.59731306296729,20.9281686770131],[-89.59691377876825,20.92845344635398],[-89.59644608582175,20.928788769872853],[-89.59529367492225,20.92964043641252],[-89.59366873718284,20.93083286767906],[-89.59321116897716,20.9311448435825],[-89.59277581718123,20.931584562308046],[-89.59248955023736,20.93177614320752],[-89.59173016373221,20.93227939040922],[-89.59155832068579,20.93239656759884],[-89.59089162738277,20.932906456747155],[-89.59071797635346,20.933033655770128],[-89.59022109984238,20.933352983443505],[-89.58991644287217,20.9335725579573],[-89.58959216572242,20.933843262257483],[-89.58943028589634,20.933971093429147],[-89.58908399266457,20.934138607136727],[-89.58889237374233,20.93429023754876],[-89.58853481895619,20.93455797828193],[-89.58790358214371,20.93503401271216],[-89.58783666409234,20.935081543525598],[-89.5861291945698,20.936335451055967],[-89.58603857737234,20.93640985907098],[-89.58555291663038,20.93674667485628],[-89.58513971827605,20.937057751442417],[-89.58453171730655,20.937542757401335],[-89.58424626599349,20.937736688720427],[-89.58402945824815,20.937899531288817],[-89.58392044290093,20.937984536983976],[-89.5836237334913,20.93824101733523],[-89.579225157009,20.941426675545664],[-89.57925340515827,20.94150471869914],[-89.57856837980735,20.941962620592406],[-89.57805944751047,20.942313638061716],[-89.57732710519582,20.942855442727538],[-89.57723357181015,20.942894272012424],[-89.57509742104654,20.944557069202585],[-89.57489585451945,20.94463338297249],[-89.57381250156752,20.9454338340407],[-89.5736278635576,20.945565509123107],[-89.57303386248743,20.946079287358586],[-89.5725726377423,20.946408127418454],[-89.57203170558803,20.94680899976848],[-89.57137795830539,20.947179275981586],[-89.57085637038185,20.947702908644263],[-89.5706502117586,20.94782475602532],[-89.57049549212488,20.94792510652928],[-89.5700085815834,20.94845978051567],[-89.56970539236573,20.948902207094914],[-89.56924914466579,20.949602204507794],[-89.56896758290767,20.949949879988804],[-89.5685560985126,20.950726914493973],[-89.56824525471576,20.951415636351122],[-89.56800511228492,20.95199971347509],[-89.56788713546052,20.952735874002858],[-89.56772569729002,20.953406444878905],[-89.56766582584874,20.953714429196758],[-89.56760448422544,20.954114746256728],[-89.56726376638103,20.955438594731532],[-89.56722910529619,20.955667124411022],[-89.567309538632,20.956226300245362],[-89.56703615411186,20.957933350030157],[-89.5668329663485,20.959299413537266],[-89.56670568592897,20.96004282933786],[-89.56664490437315,20.960588233197356],[-89.56656907370571,20.961015611709467],[-89.56652727901712,20.961361280366525],[-89.56647080844346,20.961653629234466],[-89.56645232269318,20.96173912212045],[-89.56637426087053,20.96193164730819],[-89.56618383590116,20.962136870828434],[-89.56618207027677,20.9636540327073],[-89.56608421318654,20.964341423619793],[-89.56606260898859,20.964639539987466],[-89.56602077765372,20.96479903382292],[-89.56588084368722,20.96566310345391],[-89.56566980393502,20.967106030067196],[-89.5655286087585,20.96805010584898],[-89.56546407360688,20.968466524484658],[-89.5649260018618,20.97211032184477],[-89.56465118422626,20.974028370509128],[-89.56472751990451,20.974088490716152],[-89.56468037818547,20.97436052806736],[-89.56437620719802,20.976483623640444],[-89.56430245683431,20.976998387261023],[-89.5641608412886,20.9778526127178],[-89.56409362777313,20.978103960744463],[-89.56397547812173,20.97867716066226],[-89.56391220059247,20.9791489975834],[-89.56331748467584,20.981787907809984],[-89.56276304613321,20.98180179751082],[-89.56175645289248,20.98183835381747],[-89.55878843447316,20.98184705018467],[-89.55860131889439,20.981804384007592],[-89.55851745625483,20.981793527327056],[-89.55844730223815,20.981805135708306],[-89.55839014803064,20.981826517423894],[-89.55823798395735,20.981865524880757],[-89.55817529116142,20.98186647564538],[-89.54724186108106,20.981852115803424],[-89.54653263777945,20.981853704292618],[-89.54491407170684,20.98190907386287],[-89.54477351374383,20.981909341336628],[-89.5446820515116,20.98190951691111],[-89.53463563040629,20.98094176639106],[-89.53449656905988,20.981788291021733],[-89.50397159916879,20.981905881168444],[-89.503871338965,20.972008150915304],[-89.49064544959441,20.967327320696125],[-89.47947981861061,20.949850880588304],[-89.47224925913872,20.952729601199586],[-89.45804911851769,20.95168908032457],[-89.45717271909825,20.96017398068713],[-89.48012868044289,20.966760179717312],[-89.48185677995977,20.97387995007742],[-89.49783990863365,20.97202863048831],[-89.50027802980732,21.004515170498095],[-89.49120327999027,21.011713579913813],[-89.48921244882965,21.019894119528214],[-89.4664892002454,21.022740740036564],[-89.46002004972436,21.034030629860546],[-89.49799545971396,21.0386412503597],[-89.4983224034816,21.036443631750316],[-89.49970134996572,21.03648354124363],[-89.49989716925917,21.02632952072309],[-89.51016204437214,21.02586549122933],[-89.510199719698,21.025866830954673],[-89.50987831026508,21.044129492117484],[-89.52013117947408,21.048393719812697],[-89.53809552371483,21.050681665738473],[-89.53824841895694,21.050837511214628],[-89.53852430942041,21.05120575021095],[-89.53876033588668,21.0516507877379],[-89.5387725992643,21.051673910341044],[-89.53899176024754,21.052087107208074],[-89.53900193399518,21.052106287590966],[-89.53923578011059,21.052547169844136],[-89.53944963574597,21.052950353182453],[-89.53969474862744,21.053412460700923],[-89.54014134961602,21.054254449766095],[-89.54070972152265,21.05532598768379],[-89.54282236907807,21.059308750728814],[-89.56210234900205,21.06390985090374],[-89.56627722958741,21.07810548092483],[-89.55763074968176,21.08894431956152],[-89.55315878078338,21.088646871292624],[-89.54988467921514,21.115324380633663],[-89.53660888974063,21.119918910956322],[-89.5433673097301,21.126453859986455],[-89.55882050973182,21.127993370869685],[-89.55332493957584,21.15670361954999],[-89.5663246489666,21.163976920982154],[-89.56905495025117,21.17181971098666],[-89.56693748008657,21.186436880447314]]]}},{"type":"Feature","properties":{"nombre":"Dzán","NOMGEO":"Dzán","CVEGEO":"31025"},"geometry":{"type":"Polygon","coordinates":[[[-89.38068551029563,20.447042150020437],[-89.39388551969186,20.45211290955712],[-89.38999203028906,20.458394260252955],[-89.41268656957577,20.45637227954047],[-89.41540832022326,20.440342089646077],[-89.4226841102073,20.439131819719485],[-89.42675097985038,20.431055859828913],[-89.4403943995351,20.42934516983192],[-89.44951916969349,20.423583079892758],[-89.46593367999682,20.431951680284826],[-89.46893851987083,20.424867969947144],[-89.48856905850164,20.426807054816855],[-89.49398303011755,20.431415139596005],[-89.49820062881523,20.415710689692506],[-89.50851611896127,20.411582520964078],[-89.50712045911264,20.398059681239396],[-89.48961425978611,20.391417681170015],[-89.48320402994958,20.375421170401285],[-89.49165792032557,20.361544489741686],[-89.48080037035052,20.35293451972039],[-89.47591752025856,20.34104948111903],[-89.46841794011337,20.33584568974692],[-89.45637961977857,20.35819598123105],[-89.44002191022004,20.347747650303592],[-89.42890300005483,20.353530000436635],[-89.43009301957261,20.365043679846448],[-89.4370036196156,20.366504199728425],[-89.43382985990748,20.388512230156895],[-89.44233921982907,20.388542819938397],[-89.43973881997103,20.40599256960524],[-89.44467750973966,20.41526325985801],[-89.43020057015994,20.416565179904342],[-89.42886884999973,20.407791520375127],[-89.41799112021631,20.40942575046196],[-89.4067845199964,20.400731830314083],[-89.40313825000885,20.405142970303512],[-89.38720085037687,20.400194290344142],[-89.37221284992677,20.43233962959781],[-89.38385673981648,20.436724369598977],[-89.38068551029563,20.447042150020437]]]}},{"type":"Feature","properties":{"nombre":"Dzemul","NOMGEO":"Dzemul","CVEGEO":"31026"},"geometry":{"type":"Polygon","coordinates":[[[-89.26617049027507,21.274504630321385],[-89.29880454997114,21.2784140899377],[-89.32079002017457,21.279025419909956],[-89.32496982016809,21.292217310392175],[-89.32107808023092,21.32267348037016],[-89.32704077010388,21.3348903502189],[-89.32276904983189,21.338616339592754],[-89.39911872012631,21.33071898041701],[-89.4150102200763,21.327032740253546],[-89.45332825965185,21.32234052031858],[-89.45309017998144,21.319005449738427],[-89.42899605963204,21.320420370236263],[-89.41375306044748,21.323299770388434],[-89.41473081972869,21.31041139957654],[-89.40250457016768,21.30932858032977],[-89.4068524904529,21.278057650307037],[-89.39512597997557,21.276986489840574],[-89.39670151006437,21.263504480066068],[-89.3709738803416,21.261015819633197],[-89.37127079989831,21.25341878014086],[-89.38917917005612,21.24882863013537],[-89.38672437959316,21.23132008029666],[-89.39753988013824,21.231867350219165],[-89.40227248972477,21.197288349704284],[-89.38663697030032,21.202543540160352],[-89.3858457197238,21.21035175015114],[-89.36414649003157,21.210486179768683],[-89.3562538296777,21.202965219994702],[-89.34250044957423,21.20305428017303],[-89.34352714023095,21.187771220050475],[-89.32819394040058,21.178516089607463],[-89.32704239983482,21.167911229737932],[-89.29722194036994,21.16449880041285],[-89.29223359965195,21.171980220228956],[-89.28557240005637,21.17893177042481],[-89.28868271958025,21.18960317955585],[-89.28695924961968,21.206215830299854],[-89.29211962979447,21.213555909629317],[-89.27163530955649,21.213720460316775],[-89.26922113979487,21.237879780298467],[-89.28636213966738,21.24321648962616],[-89.28582279967968,21.252465340305104],[-89.27819059960088,21.263577830284827],[-89.27055266010184,21.264619050394955],[-89.26617049027507,21.274504630321385]]]}},{"type":"Feature","properties":{"nombre":"Dzidzantún","NOMGEO":"Dzidzantún","CVEGEO":"31027"},"geometry":{"type":"Polygon","coordinates":[[[-88.94714416960518,21.35909630980354],[-88.95257253974171,21.369454090290095],[-88.9547201095367,21.382232019808853],[-88.97144648036107,21.38188863038715],[-89.01468886013755,21.37441613995681],[-89.04344177042148,21.37197556958983],[-89.06836657894469,21.367565000366167],[-89.07291502982345,21.344188321029648],[-89.08548834865039,21.34383829094576],[-89.09692751873303,21.32275357007638],[-89.09826537915856,21.31340689067208],[-89.07978939959642,21.311477879542053],[-89.07889989017507,21.294916740287],[-89.0726526596915,21.29342899967026],[-89.07552445025756,21.267003289822505],[-89.08069030956833,21.257780249530544],[-89.07886207913025,21.237982850454788],[-89.08027670984988,21.21766368974874],[-89.06473455026337,21.207875149781362],[-89.04604698027673,21.206164480170937],[-89.03513142026827,21.19518367957621],[-89.00015007992577,21.199163539907733],[-88.98511370949647,21.20032690990898],[-88.9604613186213,21.19722487972455],[-88.95736087987062,21.21865651972834],[-88.9792612591641,21.216794399978312],[-88.97782447882409,21.231365799826662],[-88.98548971031357,21.231879660433506],[-88.98347477864726,21.266159539588482],[-88.99956719972417,21.261246020154722],[-89.01334608039575,21.27189265007212],[-89.01301293924273,21.28152699990787],[-89.00316454857494,21.280506880298866],[-88.99817542985515,21.2944733203394],[-88.97716574971378,21.29248091955109],[-88.97886950876368,21.304863820004325],[-88.97692048882263,21.330675370050763],[-88.96415741955467,21.331498909514615],[-88.95563605016399,21.342921859871183],[-88.9531772499738,21.36034043035446],[-88.94714416960518,21.35909630980354]]]}},{"type":"Feature","properties":{"nombre":"Dzilam de Bravo","NOMGEO":"Dzilam de Bravo","CVEGEO":"31028"},"geometry":{"type":"Polygon","coordinates":[[[-88.47238784995328,21.47240149025934],[-88.47313987980122,21.484443479738708],[-88.45726971994213,21.484927139563734],[-88.45696154001234,21.478720510082464],[-88.43923545953982,21.47876349019124],[-88.43827588974736,21.491015489533552],[-88.41309545030529,21.48903645974622],[-88.41143468995006,21.517996849722458],[-88.44786866002055,21.521798250036323],[-88.44940062008813,21.509041279630292],[-88.46811511030586,21.51106565023463],[-88.46961245013097,21.49582008973595],[-88.48061029019753,21.499920720455403],[-88.482184509558,21.509193519970655],[-88.50051937954817,21.512305279752738],[-88.50047960001106,21.54260356983489],[-88.52159045989036,21.53522708956702],[-88.5441035099456,21.53555060032748],[-88.61612128994409,21.521971369875804],[-88.62912081997071,21.51488808988872],[-88.64246848041144,21.495818020156882],[-88.65537598009801,21.484906150455092],[-88.68344462955181,21.465199650344044],[-88.69473920024686,21.451073250457657],[-88.73748025006815,21.431135399802134],[-88.75593606028495,21.426156710168836],[-88.77395959965679,21.424623139934205],[-88.79653184951115,21.41999205014148],[-88.79885048040073,21.412474889586782],[-88.81407760042508,21.41034529024977],[-88.8315109495515,21.401799059674794],[-88.85542298000438,21.396303720134732],[-88.88448624910089,21.39565966058223],[-88.9207522302062,21.38733726046048],[-88.95025068034806,21.38529417961203],[-88.97144648036107,21.38188863038715],[-88.9547201095367,21.382232019808853],[-88.95257253974171,21.369454090290095],[-88.94714416960518,21.35909630980354],[-88.94981782026613,21.341259679968953],[-88.89505264908115,21.33995259994851],[-88.85146902015373,21.34477909006252],[-88.84531108963965,21.350986349719506],[-88.81816762031133,21.352323489719044],[-88.81914113950943,21.344851880388912],[-88.7939857804741,21.33892056982061],[-88.78946335003297,21.34945391035781],[-88.7184235096782,21.34215181985909],[-88.71646291025743,21.35718463018305],[-88.76428047988756,21.358112079681735],[-88.76277720040802,21.376154200378956],[-88.75201356979882,21.375378480406027],[-88.74939818016152,21.401019920390976],[-88.71456853972813,21.39944242993181],[-88.71462653970923,21.39451515003218],[-88.68239394956646,21.399091420370272],[-88.67775007992401,21.372420279991044],[-88.68009666026917,21.35403705967937],[-88.68680005019216,21.35460187994814],[-88.6886851502565,21.33888730993005],[-88.6661150901051,21.34751470957877],[-88.65136488987153,21.358229579543476],[-88.65124534973492,21.382706889758577],[-88.65802745980824,21.38432134021984],[-88.65422943047082,21.40731650980596],[-88.63180008976123,21.40678591983836],[-88.63033053999243,21.419459619811004],[-88.61785228038855,21.424038940474322],[-88.58245974021708,21.423656339846485],[-88.5599806295902,21.41726657983763],[-88.52822733960448,21.42100131037409],[-88.52953056978764,21.42500459984603],[-88.53527482038118,21.442559110356655],[-88.51204807986282,21.446763719739614],[-88.51375563002023,21.432484950111938],[-88.5195673097055,21.42505003039956],[-88.50048098040612,21.424343579973932],[-88.49881248993485,21.439429350219054],[-88.48721305971183,21.43785697007564],[-88.48782732019099,21.451628339997594],[-88.48476306004777,21.47323337016472],[-88.47238784995328,21.47240149025934]]]}},{"type":"Feature","properties":{"nombre":"Dzilam González","NOMGEO":"Dzilam González","CVEGEO":"31029"},"geometry":{"type":"Polygon","coordinates":[[[-88.52953056978764,21.42500459984603],[-88.52822733960448,21.42100131037409],[-88.5599806295902,21.41726657983763],[-88.58245974021708,21.423656339846485],[-88.61785228038855,21.424038940474322],[-88.63033053999243,21.419459619811004],[-88.63180008976123,21.40678591983836],[-88.65422943047082,21.40731650980596],[-88.65802745980824,21.38432134021984],[-88.65124534973492,21.382706889758577],[-88.65136488987153,21.358229579543476],[-88.6661150901051,21.34751470957877],[-88.6886851502565,21.33888730993005],[-88.68680005019216,21.35460187994814],[-88.68009666026917,21.35403705967937],[-88.67775007992401,21.372420279991044],[-88.68239394956646,21.399091420370272],[-88.71462653970923,21.39451515003218],[-88.71456853972813,21.39944242993181],[-88.74939818016152,21.401019920390976],[-88.75201356979882,21.375378480406027],[-88.76277720040802,21.376154200378956],[-88.76428047988756,21.358112079681735],[-88.71646291025743,21.35718463018305],[-88.7184235096782,21.34215181985909],[-88.78946335003297,21.34945391035781],[-88.7939857804741,21.33892056982061],[-88.81914113950943,21.344851880388912],[-88.81816762031133,21.352323489719044],[-88.84531108963965,21.350986349719506],[-88.85146902015373,21.34477909006252],[-88.89505264908115,21.33995259994851],[-88.94981782026613,21.341259679968953],[-88.94714416960518,21.35909630980354],[-88.9531772499738,21.36034043035446],[-88.95563605016399,21.342921859871183],[-88.96415741955467,21.331498909514615],[-88.97692048882263,21.330675370050763],[-88.97886950876368,21.304863820004325],[-88.97716574971378,21.29248091955109],[-88.99817542985515,21.2944733203394],[-89.00316454857494,21.280506880298866],[-89.01301293924273,21.28152699990787],[-89.01334608039575,21.27189265007212],[-88.99956719972417,21.261246020154722],[-88.98347477864726,21.266159539588482],[-88.98548971031357,21.231879660433506],[-88.97782447882409,21.231365799826662],[-88.9792612591641,21.216794399978312],[-88.95736087987062,21.21865651972834],[-88.93432288907526,21.219023379807727],[-88.93082145851008,21.236772751188646],[-88.91638752004077,21.235574431221266],[-88.9062448182005,21.240665220852573],[-88.90314916998007,21.228044490297062],[-88.88378115007343,21.222804920183588],[-88.88093976993622,21.245774080620468],[-88.87640911887388,21.2612418298146],[-88.87070239868683,21.294878679834607],[-88.82236693843801,21.28997894942079],[-88.80219405969717,21.290991289769956],[-88.78001282983048,21.289596769996262],[-88.77780284976201,21.295845230282573],[-88.75694959957482,21.293850580026618],[-88.71489866011541,21.293070830156083],[-88.71430423010666,21.299916419708637],[-88.68746156989413,21.297425860161162],[-88.66350981989999,21.30326516963955],[-88.63602271049396,21.304710889641164],[-88.63707242043566,21.31621895012667],[-88.62133201993558,21.319364200034677],[-88.6216535100501,21.329171949833725],[-88.63889708986592,21.330393139990015],[-88.64328807990759,21.339107579784585],[-88.65627754049405,21.333989859843665],[-88.65875119964556,21.340974119845672],[-88.6439423504042,21.34395301983014],[-88.61785751049351,21.34326467976503],[-88.61514586031566,21.32369940006792],[-88.5934595198022,21.319027400075413],[-88.58394894996859,21.323666889909113],[-88.52167096973758,21.314774370341986],[-88.51945851023082,21.32369096969126],[-88.509830540104,21.318985459954227],[-88.47622605976429,21.312132720230277],[-88.47493105961456,21.32257617022053],[-88.48056015017882,21.344331859918753],[-88.47418468020528,21.367828480209603],[-88.49186210960458,21.371716120313195],[-88.49056226004626,21.38659134963046],[-88.47209453964314,21.38898982978429],[-88.482921710098,21.409938629620545],[-88.50122828948903,21.412431310364287],[-88.5105154900922,21.405049550393393],[-88.5102183703557,21.395319999915536],[-88.52415397012388,21.394988769997184],[-88.52211276958526,21.40275615016643],[-88.52265788000634,21.425096309927127],[-88.52953056978764,21.42500459984603]]]}},{"type":"Feature","properties":{"nombre":"Dzitás","NOMGEO":"Dzitás","CVEGEO":"31030"},"geometry":{"type":"Polygon","coordinates":[[[-88.43982998011678,20.9282990004158],[-88.43868787978609,20.934521999966783],[-88.43917388920214,20.934688719643],[-88.43930341896326,20.934802690076566],[-88.43997977878631,20.934890080538825],[-88.44156485892695,20.935504421270146],[-88.44248884906625,20.93547554072057],[-88.44637348903089,20.936655229621355],[-88.45149925031473,20.93665275131228],[-88.4644444185405,20.923216830659833],[-88.48765334009548,20.933858230031323],[-88.51963574029251,20.937571739709803],[-88.52311852016463,20.920440089758543],[-88.53237865993603,20.902897029994186],[-88.5470099401505,20.904999310198665],[-88.55818773978423,20.90300024967926],[-88.56432354043898,20.913301549916948],[-88.58225163019507,20.91837957991163],[-88.58774116951078,20.90059852027139],[-88.60037790993623,20.905507420293844],[-88.60068360000808,20.878033580209593],[-88.60216664863357,20.863761079585124],[-88.5878282903603,20.860237090131672],[-88.58878462898045,20.843800180366458],[-88.57937299889966,20.84298562117785],[-88.57647514982976,20.86076487996678],[-88.56566840002687,20.856734120609712],[-88.57046164898563,20.837211549727495],[-88.59211285982828,20.811127979998698],[-88.62070859884484,20.822903111123114],[-88.62206837923154,20.800821029761742],[-88.63900583038136,20.80757455050308],[-88.6406701503777,20.791533370388912],[-88.64606622971694,20.774152419589267],[-88.65947242881035,20.783707200570646],[-88.66304376891352,20.762283770594724],[-88.68826988895161,20.763617849736335],[-88.69307385007804,20.75230905973708],[-88.6688069402319,20.745632520096603],[-88.66641150964492,20.74992495008947],[-88.64351585997075,20.748375149993578],[-88.63639545019049,20.779329969918187],[-88.62197737971371,20.777328630216477],[-88.62624796973424,20.74469459990984],[-88.57669997007929,20.74703144978543],[-88.5712498803666,20.728087219996183],[-88.55344561979823,20.733920450246433],[-88.5387886599039,20.741614799616524],[-88.51945859990937,20.744361080266362],[-88.50739340030935,20.74076645991903],[-88.50247192015374,20.757101779694413],[-88.51811108000838,20.758432550123192],[-88.51392023002776,20.77928191003146],[-88.50150187972946,20.790995290089317],[-88.48671904959728,20.78766501998856],[-88.47680172033711,20.80166991042944],[-88.49288885005772,20.805617509953052],[-88.48571811971337,20.82700280024469],[-88.47716286045981,20.83258534959406],[-88.47752001977979,20.85725165954035],[-88.4631633098197,20.85581542003033],[-88.45294578005203,20.83220293968503],[-88.42823174001764,20.818677619985653],[-88.425267109555,20.835037090159293],[-88.43682548043316,20.84854230979685],[-88.42437074019504,20.85292836982312],[-88.4213330495561,20.859177950246895],[-88.41040226003219,20.86003528007602],[-88.41354037966049,20.86992458022385],[-88.41409672024471,20.88968852030255],[-88.42641300014277,20.88941154047602],[-88.42873168912267,20.90278143047514],[-88.42221505868937,20.912920649433328],[-88.44473024870456,20.917899430230943],[-88.43982998011678,20.9282990004158]]]}},{"type":"Feature","properties":{"nombre":"Dzoncauich","NOMGEO":"Dzoncauich","CVEGEO":"31031"},"geometry":{"type":"Polygon","coordinates":[[[-88.74284859878509,21.07408170956337],[-88.7588016790546,21.074803250301763],[-88.76283856886477,21.102725050214747],[-88.77973659872588,21.10576532043018],[-88.80792385894941,21.100643580997758],[-88.80869350906589,21.113484879726368],[-88.83409137006643,21.11718068060924],[-88.83284644897863,21.12741125045938],[-88.8577313395704,21.130147690499417],[-88.86431333873408,21.142442060159755],[-88.89960891983903,21.145770909632965],[-88.90118842854932,21.1316585105504],[-88.91218241929651,21.137223050639793],[-88.91862941892848,21.128494219791794],[-88.92283959891523,21.11537963056548],[-88.91397245875591,21.107604000744455],[-88.90461617958276,21.106405920751236],[-88.89207316883474,21.097477680792764],[-88.89183110982856,21.078222920984675],[-88.85427808035489,21.076386680898892],[-88.85880610859088,21.045956339998106],[-88.86348262030519,21.046143139823766],[-88.87626625899384,21.06373799951855],[-88.8888234892747,21.061167000384486],[-88.901487149368,21.062449660152765],[-88.9075591787771,21.05658945091039],[-88.914682379954,21.032997110828905],[-88.89700999967161,21.033417230858475],[-88.89665924872395,21.04225731007007],[-88.88348971910189,21.043689491192495],[-88.87720887941242,21.034176369524236],[-88.85759607995925,21.036476021095677],[-88.85067907967253,21.032855880643158],[-88.80547011912662,21.031090140745906],[-88.80343817945605,21.048843450895998],[-88.77888276988755,21.0506546802619],[-88.77811739972466,21.055472659768483],[-88.74982754901808,21.054397740846305],[-88.74284859878509,21.07408170956337]]]}},{"type":"Feature","properties":{"nombre":"Espita","NOMGEO":"Espita","CVEGEO":"31032"},"geometry":{"type":"Polygon","coordinates":[[[-88.26149403002897,20.919626520048507],[-88.26162662015697,20.919935771210728],[-88.26106924867392,20.924129001847305],[-88.25097704833853,20.92527912227979],[-88.2434449489017,20.92331817149758],[-88.24248573972554,20.926440783008154],[-88.24233231992223,20.926644822912667],[-88.24206014003052,20.926986141483678],[-88.24240864908487,20.928511051866536],[-88.2422824885602,20.93061038229111],[-88.2442100492949,20.93674109190766],[-88.24485355013024,20.940865801821378],[-88.24482121947568,20.941618712489394],[-88.24464261829867,20.94372615250857],[-88.24379384950467,20.948266892108663],[-88.237999378732,20.955271172301],[-88.23050547925405,20.946800742938404],[-88.21839750878839,20.922430951362134],[-88.20333164841912,20.929622252613218],[-88.19495184997372,20.92623351204442],[-88.18671165026907,20.92930852177877],[-88.18503095022588,20.929561892403672],[-88.1831228888619,20.930787381675866],[-88.18267611867755,20.931488232370704],[-88.18872787933107,20.934001681952832],[-88.19736514957697,20.952262232316244],[-88.19810202859375,20.959883621522916],[-88.19904174836273,20.962832231943867],[-88.19913379885638,20.964353941575155],[-88.19919131908881,20.964741202901514],[-88.20001350789454,20.96593245184366],[-88.19922927755695,20.970276651948893],[-88.19516808871882,20.976584602609922],[-88.19916256796539,20.975523152089927],[-88.20905256871258,20.976343661900525],[-88.2200909189263,20.972234382636973],[-88.22094488749383,20.97108149260555],[-88.22134188870253,20.97005409203411],[-88.22187665857369,20.968053541685105],[-88.22209904764617,20.96768598204258],[-88.22196614821996,20.96680471159676],[-88.22199961791895,20.96576823249771],[-88.22187402913542,20.965052091626994],[-88.22322573833415,20.964581422310022],[-88.22404067862317,20.96446823222422],[-88.2282728180607,20.96460754243222],[-88.24139041825775,20.968169182941413],[-88.2410749787806,20.96922211142255],[-88.23677521852132,20.970436882729125],[-88.23486716794066,20.971379182602707],[-88.23447445919076,20.971619831595877],[-88.23226177802732,20.97287817240059],[-88.23467231879597,20.97578863130464],[-88.23700242808324,20.99083743234723],[-88.24276367739625,20.991525662214034],[-88.24110782876721,21.010567062886327],[-88.24443316744473,21.01825018226875],[-88.24538428879741,21.021246632524218],[-88.24576021776566,21.024928651750535],[-88.24580156911868,21.027906151472788],[-88.24337405964326,21.028774721896948],[-88.24178527985896,21.028502821586326],[-88.23865154949894,21.0297861830422],[-88.23705393841124,21.029610252548355],[-88.23665216903514,21.03101815206244],[-88.23653350989348,21.033204691983805],[-88.23673007971146,21.03745934207189],[-88.2369689084702,21.0393089526339],[-88.2373980201977,21.042314552082033],[-88.2168367985339,21.06635100267015],[-88.21696973964717,21.06960612174183],[-88.21603330936658,21.074674423015498],[-88.21531179997181,21.07746275184397],[-88.2149338798477,21.078435771741525],[-88.21689114869129,21.07854462138295],[-88.21906032019831,21.07850546154874],[-88.22354494005913,21.069474771609187],[-88.2286926191627,21.075945972546215],[-88.23610953875152,21.081542922286765],[-88.24141147893518,21.08377491219677],[-88.24033553878114,21.084750681624563],[-88.23899722935201,21.087250452237615],[-88.23766011012785,21.090193662090304],[-88.23759617851434,21.09033438128451],[-88.23766461903239,21.093639202740167],[-88.2398243074714,21.10133226182486],[-88.2397720881028,21.10510406197648],[-88.24165645800413,21.10788295146963],[-88.2357618480894,21.108048282488713],[-88.23285508796822,21.106530692200987],[-88.23004817836863,21.107902862972278],[-88.22875967780533,21.108216141833495],[-88.22927122909397,21.122379951765076],[-88.23557217930646,21.12653546153928],[-88.24050084773313,21.13017988133672],[-88.24458130814169,21.132853081631293],[-88.24029828827696,21.138749491903987],[-88.23867288802629,21.14098337151525],[-88.2430231682971,21.145935882504936],[-88.24863576867007,21.149585832343853],[-88.24891737878798,21.146423352397633],[-88.2489197989274,21.146396352312518],[-88.25041308791756,21.14221488284586],[-88.25143661798792,21.142327482824484],[-88.25755065908439,21.142942081490887],[-88.26413341739527,21.14364426317387],[-88.26632516922663,21.143853891166486],[-88.26768088752621,21.141610350760487],[-88.2692028477104,21.140178171927197],[-88.2704816285779,21.136953521904122],[-88.27028677881356,21.135005631627603],[-88.2705024175828,21.132216801177734],[-88.2704308282636,21.13155149103213],[-88.27052744869991,21.131639851072503],[-88.27905499787681,21.13255338154504],[-88.27942216748654,21.1295797217921],[-88.2804255985596,21.12109417039338],[-88.2805840191559,21.119794912174644],[-88.28093171922407,21.119775051498138],[-88.28139830846092,21.119764321840538],[-88.28233450778417,21.119596110727667],[-88.28633087766009,21.120764630337444],[-88.2906165974226,21.11954948191867],[-88.30864828781512,21.125923320788704],[-88.32761548746862,21.125680571443148],[-88.3266896587084,21.13483765148701],[-88.33183494890513,21.144275801518727],[-88.34335224828514,21.139302371811088],[-88.35597177879166,21.139903420704723],[-88.35473719852877,21.15325503170357],[-88.36378961872187,21.149590880356456],[-88.3681313488752,21.146890550421794],[-88.36888582796975,21.145605601458904],[-88.36968468912953,21.144493541087986],[-88.36977853904162,21.144181150860327],[-88.37033382886125,21.142762621760784],[-88.37200224868165,21.14353117128662],[-88.37368268765161,21.144117430534376],[-88.37538121777905,21.14549182056497],[-88.37678821935312,21.14840980068132],[-88.38004550921632,21.14949880175913],[-88.38610362822519,21.150915490979173],[-88.39028674771333,21.151957711055477],[-88.3962704181665,21.153386480425723],[-88.39679436901558,21.153489661426878],[-88.3971128277138,21.15317745132618],[-88.39331393825391,21.147539650314055],[-88.39293104867355,21.146278060374268],[-88.39565728812047,21.14558237184246],[-88.4021125476223,21.144644821446793],[-88.40640219856171,21.14328435153661],[-88.41099416876787,21.140124722470556],[-88.41880944794525,21.148612351422276],[-88.45415725815317,21.15319925166229],[-88.45707544801076,21.184977921938216],[-88.47809784898587,21.186906251004526],[-88.47896122799418,21.178032711519812],[-88.48108922930484,21.174783230538868],[-88.4846298192763,21.169813540415838],[-88.49073253885255,21.160898351861732],[-88.4937011076376,21.162654221795847],[-88.50311787772729,21.16877937038703],[-88.50905759853596,21.17191268062352],[-88.51060657788956,21.16795402096597],[-88.51183008749523,21.165448721518306],[-88.51367530835527,21.160353081216435],[-88.51345634873424,21.150720881241188],[-88.50632614795427,21.147818370448014],[-88.50722536929858,21.135900972087892],[-88.49007087942998,21.13411415051622],[-88.4905000576459,21.128201140518083],[-88.49364605872555,21.12840528134295],[-88.49992548762323,21.128812571549613],[-88.50357901866619,21.12904943058502],[-88.50583848910634,21.1291958814307],[-88.50706734920759,21.117389459192268],[-88.50706745952242,21.117388400842124],[-88.50379097005751,21.11733283222387],[-88.50302354935842,21.11731982109335],[-88.49872208895277,21.117246752112724],[-88.49383756933632,21.116145001815227],[-88.49281669006106,21.09843535226439],[-88.49285733978584,21.093467521248595],[-88.49262603023847,21.091203281576487],[-88.4927731792283,21.088945571247443],[-88.49294738004392,21.08830845088341],[-88.49344067977523,21.086504090964226],[-88.49462047986083,21.082632421595918],[-88.49618479907078,21.077498550707716],[-88.49642099935384,21.076723371837815],[-88.49702274978668,21.074748400607728],[-88.49328725911225,21.073495061349035],[-88.48554481919497,21.07082366144983],[-88.48001509025629,21.06915849194346],[-88.48085221981276,21.05502725101321],[-88.47456857038573,21.054463220719427],[-88.47116614899899,21.048382371593238],[-88.47617301813804,21.03451697210497],[-88.47659485797378,21.034068230964774],[-88.48573691931948,21.035601881492052],[-88.48597187855768,21.031374820450633],[-88.48612699882112,21.029085661982354],[-88.48700661781612,21.023566771888543],[-88.48282234912885,21.010921400485056],[-88.48123499894695,20.993847661872742],[-88.46582085768138,20.993959782609497],[-88.46490791905644,20.98798092206604],[-88.46313796853165,20.977285081577815],[-88.46044805021957,20.960264661543473],[-88.47478497026718,20.958154881683928],[-88.47464096863007,20.952617142681525],[-88.47472584849861,20.945589622129543],[-88.48765334000463,20.93385823093451],[-88.48652361992175,20.933641751544858],[-88.48589744991021,20.93354326084459],[-88.48238093995204,20.93325003171692],[-88.46444441835851,20.92321683246617],[-88.45149925013254,20.936652753118647],[-88.44637348884865,20.936655231427718],[-88.44248884888395,20.93547554252687],[-88.44156485874464,20.935504423076484],[-88.43997977860397,20.934890082345163],[-88.43930341878092,20.93480269188292],[-88.43868787969491,20.934522000869986],[-88.43982998011678,20.9282990004158],[-88.44473024870456,20.917899430230943],[-88.42221505868937,20.912920649433328],[-88.42873168912267,20.90278143047514],[-88.42641300014277,20.88941154047602],[-88.41409672024471,20.88968852030255],[-88.40390089006208,20.895914520225695],[-88.38813881938465,20.895839661296865],[-88.37445759989492,20.922790860376388],[-88.35318405923358,20.902395890740003],[-88.34861688038912,20.887537090163093],[-88.33817102934448,20.870913660296505],[-88.33696088973254,20.855276659717163],[-88.32366342889658,20.854282141186285],[-88.31163059975135,20.851344050577968],[-88.31034027982447,20.842464660502582],[-88.29681190959644,20.833565120923037],[-88.29211357905658,20.841576380848014],[-88.278565980184,20.842988250741737],[-88.27972064998498,20.849253909587443],[-88.29889379974928,20.851631799640337],[-88.3013156596352,20.86308211965066],[-88.28629182011517,20.861760970027486],[-88.28718005958287,20.87018449075417],[-88.28137114925545,20.87638709044981],[-88.26739305031303,20.876957850901633],[-88.26415728914868,20.892443350400807],[-88.26568896955172,20.906707090228522],[-88.26149403002897,20.919626520048507]]]}},{"type":"Feature","properties":{"nombre":"Halachó","NOMGEO":"Halachó","CVEGEO":"31033"},"geometry":{"type":"Polygon","coordinates":[[[-90.00417368005141,20.487021880062255],[-89.99670369014278,20.510662719590034],[-90.00237814007153,20.518771710087822],[-90.01321253970201,20.520463570271033],[-90.02255191996313,20.52714482970014],[-90.02211154029939,20.533773370373407],[-90.03351982974972,20.535985140018788],[-90.03764446039142,20.499667740364536],[-90.04580028044808,20.505720520082324],[-90.0485460903745,20.514172420045632],[-90.06792695028892,20.516510479949034],[-90.05407159984746,20.55470209008678],[-90.11121145044672,20.559373909709496],[-90.10901896996376,20.583402549862292],[-90.1200711100904,20.585569979631494],[-90.11923174962233,20.591935679929144],[-90.13323405958398,20.593379569976996],[-90.13944688992339,20.587968179801702],[-90.1540889997039,20.591698119544354],[-90.16722572008597,20.58159143014297],[-90.1927505701094,20.590363710165587],[-90.19746105972567,20.61004888962168],[-90.1860073104055,20.609944479996106],[-90.18574174961103,20.625333980141953],[-90.19815399902312,20.620489429930984],[-90.21541781906373,20.621996149752647],[-90.2155188293594,20.631584799872563],[-90.22512308867192,20.6319066797695],[-90.22546967891175,20.649966380245164],[-90.27331147957871,20.680715710201717],[-90.27777816996309,20.674461339566417],[-90.28859238003938,20.684901480018727],[-90.2860989802546,20.68864865995836],[-90.32450788037923,20.710291059700758],[-90.32557448002181,20.64945523034602],[-90.3168444298532,20.647510630299518],[-90.32178834961795,20.626497549882416],[-90.33704893959019,20.625730490311167],[-90.33609935045709,20.747297489942024],[-90.381876740206,20.747304660375995],[-90.38664878020312,20.555585800185362],[-90.34113811009252,20.553701119632922],[-90.3352361098835,20.54131230997077],[-90.2345833799866,20.54534318034329],[-90.22924097030362,20.543562889920455],[-90.23250803027462,20.51989404989061],[-90.22376678009827,20.519164979808366],[-90.23420798721664,20.470466619145586],[-90.18478789727699,20.46104613888321],[-90.18629756717714,20.43693231880105],[-90.16051481792847,20.44186276914299],[-90.12927336748758,20.44035241937376],[-90.1077656175866,20.4314891194411],[-90.10097344997226,20.425251770385458],[-90.06721064801872,20.425225888956486],[-90.06601855714722,20.433975478535487],[-90.05709875717534,20.432965879379434],[-90.05527216718328,20.444514378718722],[-90.04809071967554,20.459824259787723],[-90.03968993968732,20.468220830061043],[-90.02034148974163,20.477083059812802],[-90.00562472038196,20.477367200478103],[-90.00417368005141,20.487021880062255]]]}},{"type":"Feature","properties":{"nombre":"Hocabá","NOMGEO":"Hocabá","CVEGEO":"31034"},"geometry":{"type":"Polygon","coordinates":[[[-89.2389997102865,20.857087320188686],[-89.25201062987952,20.857634550303906],[-89.25279412028446,20.84871750963383],[-89.2683247100688,20.850032309705824],[-89.26737948017112,20.85742084990542],[-89.2810805503556,20.85868982978385],[-89.27822202970411,20.848833259694928],[-89.28241044963606,20.84056464993965],[-89.28814590972257,20.83742760028366],[-89.29411802015723,20.823054430098413],[-89.30576228045214,20.82116228997578],[-89.3200163801887,20.824653690275838],[-89.33432668961302,20.80618615040899],[-89.33197467999094,20.790049450029677],[-89.32747042982201,20.78837419969232],[-89.32441731968562,20.810238980184796],[-89.31568913964698,20.803445289989224],[-89.30495601957577,20.805775970380505],[-89.30508714984978,20.793922029656795],[-89.2855544300658,20.78473502016945],[-89.28808049042044,20.764683800263104],[-89.29249511998717,20.76253110970784],[-89.28604251943754,20.75969260111683],[-89.27401730936555,20.762374181130813],[-89.26380537957903,20.77526155079212],[-89.25782030968229,20.77299974977917],[-89.2551035399378,20.780994090057373],[-89.23605160002202,20.780711750072328],[-89.21678127994052,20.78843105959938],[-89.19271302006213,20.786066289607106],[-89.19203643037862,20.77497883035491],[-89.1841344201505,20.770034800275866],[-89.16659248010723,20.765060030102436],[-89.16304591953919,20.771190649879703],[-89.14722868979304,20.773276709946312],[-89.1508067500379,20.79647595018217],[-89.17015043009287,20.793985910093507],[-89.17755321088357,20.796807222589845],[-89.17783484782643,20.79689622710319],[-89.18041516990189,20.798003579982893],[-89.18045561471547,20.798008866584606],[-89.18274191990496,20.796421879676732],[-89.18366533874236,20.79617434998814],[-89.20206597991138,20.794162120181188],[-89.19489704985544,20.816365139906907],[-89.20685081987035,20.834891489978116],[-89.21751012026746,20.835700799814312],[-89.22440054006135,20.843270489929683],[-89.2366615801224,20.844594950404456],[-89.2389997102865,20.857087320188686]]]}},{"type":"Feature","properties":{"nombre":"Hoctún","NOMGEO":"Hoctún","CVEGEO":"31035"},"geometry":{"type":"Polygon","coordinates":[[[-89.19405792037206,20.946080290460166],[-89.20315862023533,20.95051674981611],[-89.21178148028078,20.945175370307705],[-89.21453854980881,20.925762109638395],[-89.23344938009511,20.928858369894904],[-89.24295671015642,20.932844859711967],[-89.23810327991657,20.927173949812772],[-89.23991858023201,20.90856122003714],[-89.21445014986689,20.90025199956037],[-89.22283593986074,20.888814879880023],[-89.22833161969082,20.870015429574757],[-89.23941942033481,20.872222820110636],[-89.2389997102865,20.857087320188686],[-89.2366615801224,20.844594950404456],[-89.22440054006135,20.843270489929683],[-89.21751012026746,20.835700799814312],[-89.19872218026438,20.836837879902923],[-89.19274735044576,20.849231750073532],[-89.18068437051711,20.852618919609306],[-89.13549999962501,20.847177179741855],[-89.13813831976486,20.840472220172],[-89.11481157966435,20.840133969830234],[-89.11942162045662,20.852363689659523],[-89.10085699991969,20.847140090291816],[-89.08955642961122,20.851198889614242],[-89.08741222036849,20.836574109871336],[-89.0747609798315,20.83640052026594],[-89.07587272041773,20.82333814008886],[-89.05338753965906,20.82337134999335],[-89.05567666003732,20.839308109602335],[-89.04514176992087,20.841516309658566],[-89.04866196992756,20.85935797984314],[-89.0615975796965,20.860284659918907],[-89.0672741800603,20.86509297024531],[-89.06345089006365,20.873281859759434],[-89.07477560008319,20.87897050997539],[-89.10295834978194,20.884471259750196],[-89.11204624980799,20.890296419678602],[-89.1121487098221,20.893260740288238],[-89.11479943046093,20.89319862013399],[-89.11817232006067,20.894065980211092],[-89.12022937957643,20.894076459948366],[-89.12137746025768,20.894261910320946],[-89.12260805011289,20.894757850314328],[-89.12679482981116,20.88743238029877],[-89.13327285987972,20.88825757964883],[-89.13550993971197,20.880926489763638],[-89.14039252022394,20.88073971040426],[-89.14300782011011,20.880290290003384],[-89.14780442950841,20.884870290340057],[-89.14787883042321,20.89557853983732],[-89.16141137982589,20.899084649785376],[-89.16443605016846,20.901417199881948],[-89.17139745994874,20.901880510418852],[-89.17301319984516,20.902459479852638],[-89.17758258026299,20.89824356989364],[-89.1782218797386,20.89757248015281],[-89.18289445966492,20.893037449998232],[-89.1834877803467,20.893204179844613],[-89.18764942994827,20.90942176956785],[-89.18097385983818,20.915323519675486],[-89.17887297004692,20.93117866019071],[-89.18917867979282,20.935181849679253],[-89.19023771009269,20.936289780297784],[-89.1909653404123,20.937519690241313],[-89.19224482030859,20.94066519960981],[-89.19348230970517,20.94408842011447],[-89.19405792037206,20.946080290460166]]]}},{"type":"Feature","properties":{"nombre":"Homún","NOMGEO":"Homún","CVEGEO":"31036"},"geometry":{"type":"Polygon","coordinates":[[[-89.19015429015981,20.750754150401317],[-89.20180991890967,20.75283551099445],[-89.20092858009147,20.739906090835948],[-89.22011446033758,20.74116022992291],[-89.22209363029566,20.734568450585854],[-89.23286661906408,20.734365420865224],[-89.23175965870173,20.752079550972166],[-89.22677654030326,20.75745534120868],[-89.22501505021154,20.76919292046067],[-89.24150128996658,20.774329799640654],[-89.25782030968229,20.77299974977917],[-89.26380537957903,20.77526155079212],[-89.27401730936555,20.762374181130813],[-89.28604251943754,20.75969260111683],[-89.29249511998717,20.76253110970784],[-89.3019899993334,20.764910230708182],[-89.30529476890858,20.75994797120053],[-89.30065325952167,20.740755920689363],[-89.30108576046841,20.740660096727293],[-89.2991347491139,20.734456710589395],[-89.30340741977408,20.718300751100333],[-89.31409031981994,20.721217581212652],[-89.32494811999715,20.713508680976872],[-89.32487565003397,20.71333948070955],[-89.32439162919644,20.713235400533918],[-89.32396344272783,20.712425718401256],[-89.30504127909441,20.708511230972263],[-89.30603387917989,20.700156860688775],[-89.29471370874406,20.69863700086599],[-89.29539027996472,20.69126562095231],[-89.31181451957659,20.69324683096572],[-89.31729371867632,20.672934740505376],[-89.31030733957014,20.66294728070438],[-89.32758344996932,20.659054260932262],[-89.32703607966343,20.66604543106711],[-89.33576714982922,20.67128005075343],[-89.33857097043179,20.661536049809207],[-89.34516865914955,20.652303769775067],[-89.3428647395165,20.642650709758573],[-89.34287434991684,20.642626970025873],[-89.3583174902735,20.625910661266325],[-89.35384202926657,20.61400395114343],[-89.34640814990182,20.60914788023814],[-89.32295554923414,20.60825951997306],[-89.32706905905052,20.624548740345585],[-89.30564877992396,20.618464580478644],[-89.30866623021464,20.632044290873488],[-89.29128354955627,20.634088279633588],[-89.29232068931576,20.650821090561067],[-89.26008562029045,20.649264830333053],[-89.26010096965419,20.640870801273444],[-89.24516158006217,20.642116889749698],[-89.23645215027946,20.638638180553624],[-89.21040474011086,20.638380830585323],[-89.21171839995739,20.6250316603798],[-89.20475234979735,20.62452702965636],[-89.20659991943486,20.602561981293142],[-89.19558845864057,20.597995719734907],[-89.19199891991302,20.606121570489844],[-89.15737016912085,20.605726400404684],[-89.14433076912904,20.576940599505786],[-89.15406117910439,20.569096739973837],[-89.14790480039746,20.555831489954713],[-89.14356024984897,20.55359622011269],[-89.13268365013671,20.580166420638687],[-89.14452913878621,20.587816170654857],[-89.14825371901989,20.59753828019702],[-89.16339941994839,20.611840679668152],[-89.16083882964793,20.620001370918697],[-89.17827451879124,20.619808150492975],[-89.17558657910214,20.629578620853216],[-89.19437478003033,20.634121490762677],[-89.19626610898734,20.650545890897863],[-89.18235628021215,20.650606080620896],[-89.1867104787262,20.640841339714974],[-89.15943365958151,20.62595226035518],[-89.15573910901793,20.645845779635753],[-89.1716506190078,20.65071012062033],[-89.16902593980208,20.667298911345657],[-89.17771467999243,20.674137091040627],[-89.20831139938944,20.678933181009736],[-89.20803934853075,20.690110350788935],[-89.20131959877868,20.69362064959122],[-89.20133304860781,20.70711857960636],[-89.21019810920168,20.71061215120148],[-89.21121996883988,20.720266999701735],[-89.21860093874461,20.722158781179132],[-89.21577187863116,20.732247249982144],[-89.20764427953888,20.73155002016003],[-89.1958363194015,20.741832000897045],[-89.19015429015981,20.750754150401317]]]}},{"type":"Feature","properties":{"nombre":"Huhí","NOMGEO":"Huhí","CVEGEO":"31037"},"geometry":{"type":"Polygon","coordinates":[[[-89.07198907981397,20.74234105987397],[-89.0782032503374,20.75028926023967],[-89.077591180298,20.75821648016138],[-89.09353450961315,20.763376460143743],[-89.10596968971383,20.764362109682118],[-89.11430946031675,20.769933799852325],[-89.12632556967799,20.769772000420783],[-89.1326019399624,20.777099309784877],[-89.14722868979304,20.773276709946312],[-89.16304591953919,20.771190649879703],[-89.16659248010723,20.765060030102436],[-89.17960093969448,20.75710585022525],[-89.17770785990456,20.74381198011384],[-89.19015429015981,20.750754150401317],[-89.1958363194015,20.741832000897045],[-89.20764427953888,20.73155002016003],[-89.21577187863116,20.732247249982144],[-89.21860093874461,20.722158781179132],[-89.21121996883988,20.720266999701735],[-89.21019810920168,20.71061215120148],[-89.20133304860781,20.70711857960636],[-89.20131959877868,20.69362064959122],[-89.20803934853075,20.690110350788935],[-89.20831139938944,20.678933181009736],[-89.17771467999243,20.674137091040627],[-89.16902593980208,20.667298911345657],[-89.1716506190078,20.65071012062033],[-89.15573910901793,20.645845779635753],[-89.15943365958151,20.62595226035518],[-89.14780932047496,20.61157424985839],[-89.14742077995497,20.60453814959418],[-89.13530242956283,20.600184419709947],[-89.1217343495327,20.60941997027358],[-89.12069958010188,20.616996280395863],[-89.10004005963452,20.614690399534002],[-89.09123174995187,20.624450460279405],[-89.08859904977501,20.638301289970205],[-89.07937549011022,20.637287489936345],[-89.06932197004036,20.652101339602694],[-89.06223460025038,20.657437739615858],[-89.05868954042496,20.668973249856435],[-89.07021145964794,20.6745331202959],[-89.06037205951596,20.703960740135425],[-89.07589162959688,20.705438889579224],[-89.07198907981397,20.74234105987397]]]}},{"type":"Feature","properties":{"nombre":"Hunucmá","NOMGEO":"Hunucmá","CVEGEO":"31038"},"geometry":{"type":"Polygon","coordinates":[[[-89.8362172500658,21.162515830270024],[-89.8655411802593,21.17403568969133],[-89.86374096998408,21.23299920040724],[-89.8645754201528,21.2425575796568],[-89.88938639983975,21.23435385028837],[-89.92777335023608,21.216397569604272],[-89.95451478025744,21.1986581699792],[-89.98564859972257,21.18085057957717],[-90.01469099971536,21.170764569970615],[-90.04899204914457,21.162377920005863],[-90.0727170003917,21.160060750347544],[-90.09461232041761,21.155552769608626],[-90.10305762041185,21.149510580126854],[-90.14070482963237,21.131099979741133],[-90.16290370970758,21.11786652004773],[-90.19969585988613,21.09255218131836],[-90.19724591021063,21.089234420570378],[-90.16775571951052,21.109191539654628],[-90.16766471975252,21.048876060165927],[-90.18505113959728,21.035671139775985],[-90.23864362035916,20.997880461096887],[-90.27226305875857,20.934942120203615],[-90.23782211980966,20.930758719872184],[-90.2251697696924,20.947166879923287],[-90.21249257011611,20.968315909933562],[-90.20245257036787,20.976841569972365],[-90.17757610971928,20.973425999775774],[-90.17696534994198,20.988827780336596],[-90.14710177971646,20.987419800227382],[-90.14645411018407,20.996336969565384],[-90.13690934974248,20.99609240004159],[-90.13750368993503,20.986955970151936],[-90.11450022994693,20.985968399693338],[-90.10479517044689,21.0100879399548],[-90.07783434044168,21.009182170064705],[-90.07583027998251,20.995138539587593],[-90.04520505001507,20.99886531015598],[-90.03777138010788,20.997243479558254],[-90.02946472001669,21.027552599944205],[-90.02431230991606,21.025107709947278],[-89.99921840029067,21.0299484898837],[-89.93029676952906,21.005529509968685],[-89.93391633966358,20.986739019645597],[-89.91019415044117,20.98393648044956],[-89.8936233101713,20.9977760499871],[-89.87557293962081,20.985806149538714],[-89.875926290003,20.964192309707396],[-89.8826833800347,20.962456420019585],[-89.88522343048987,20.95341251966186],[-89.89303781988416,20.944501779665547],[-89.88340226035716,20.9373585503911],[-89.87278130951381,20.942742920170648],[-89.86285097969457,20.903595120229536],[-89.83924623036626,20.911316259920397],[-89.8334167103299,20.905783979910375],[-89.8212503401581,20.905738570053376],[-89.82188434995979,20.915873049581542],[-89.81681723007108,20.919763150222636],[-89.8112000800151,20.92733887973807],[-89.80798634008417,20.94193565968877],[-89.81548523043435,20.952974629826414],[-89.81241998040653,20.961602029835923],[-89.79760145005382,20.976772109645644],[-89.80491445005478,20.987553049745017],[-89.80439075046783,21.010382489681774],[-89.79938864970609,21.02893825024452],[-89.80085205026701,21.045059580213138],[-89.80850526019853,21.04850705022359],[-89.81176470955566,21.061968310275027],[-89.80937897044696,21.109910890345926],[-89.82108545960243,21.109190110336815],[-89.8242360595192,21.118967480049715],[-89.82119314969547,21.1449549097429],[-89.82646318039683,21.151126770170215],[-89.8373035997689,21.152773750239078],[-89.8362172500658,21.162515830270024]]]}},{"type":"Feature","properties":{"nombre":"Ixil","NOMGEO":"Ixil","CVEGEO":"31039"},"geometry":{"type":"Polygon","coordinates":[[[-89.41473081972869,21.31041139957654],[-89.41375306044748,21.323299770388434],[-89.42899605963204,21.320420370236263],[-89.45309017998144,21.319005449738427],[-89.45332825965185,21.32234052031858],[-89.48763290994108,21.317771339965788],[-89.50169322966838,21.31399678039117],[-89.50072032029169,21.280249890454236],[-89.51052081989506,21.268039879704844],[-89.50872105011584,21.25590988012577],[-89.51558423043774,21.239632689759283],[-89.5149422296159,21.225306859801627],[-89.52243965032288,21.22339406009008],[-89.51440077972012,21.207058909806214],[-89.51300655042134,21.17244171033497],[-89.499000059593,21.171004249549],[-89.49693617989125,21.151420709705306],[-89.48822545038408,21.146135659753735],[-89.49018062001721,21.134502549958743],[-89.47389339976917,21.137359320282528],[-89.46755805975029,21.13878481970279],[-89.46835962036515,21.15508465993727],[-89.45149840017888,21.151502780012773],[-89.43709555036787,21.15492211008063],[-89.4634547403221,21.162695309618883],[-89.46329010972235,21.16980148012839],[-89.45469571974205,21.17656854033148],[-89.45672449045436,21.187189860231797],[-89.45302209037689,21.199660939653988],[-89.44222095041654,21.203909219924544],[-89.43727416974103,21.234625909757522],[-89.43172583048187,21.242811949977153],[-89.42795225029494,21.279986680432128],[-89.43814519969254,21.28091527978237],[-89.43464946039086,21.312631229692705],[-89.41473081972869,21.31041139957654]]]}},{"type":"Feature","properties":{"nombre":"Izamal","NOMGEO":"Izamal","CVEGEO":"31040"},"geometry":{"type":"Polygon","coordinates":[[[-88.80809949034948,20.960027650422948],[-88.81972839987077,20.96543748966954],[-88.83148957005938,20.96636118041052],[-88.84140151018079,20.9736544599842],[-88.85973810962585,20.977199120171697],[-88.87631992021072,20.972637050107757],[-88.87096386036856,20.9836847696984],[-88.87923094034588,20.98616422973265],[-88.8756716601327,20.999976949934535],[-88.89514745019201,20.998630889778322],[-88.92051878027965,21.00463148959308],[-88.92668912028164,20.997014030402813],[-88.93661952021296,20.997877149883966],[-88.98096468011356,20.986350420106326],[-88.99590189033535,20.98647145017699],[-89.01235377985797,20.992467919915395],[-89.02938832032119,20.99510219982835],[-89.03047538016497,20.9807359199251],[-89.02741194007055,20.96944654023821],[-89.04291165007145,20.971323449882586],[-89.05009394003503,20.980342399970905],[-89.06156636987828,20.974837249725486],[-89.06478422029177,20.97299565024755],[-89.06682545016136,20.973176780083037],[-89.07019711967548,20.97676286007589],[-89.06892954015672,20.97332337039389],[-89.07629422001158,20.971307579634193],[-89.08337139982827,20.9721893797475],[-89.08881778023861,20.96847480010858],[-89.09173701964008,20.95780675032333],[-89.09313037020573,20.96112385031144],[-89.0996882203592,20.961850149979878],[-89.1009082203745,20.965171229901504],[-89.10259221976489,20.97505842994067],[-89.10132953989279,20.98283503044201],[-89.10244434048494,20.98295614979377],[-89.10607464974542,20.983250460008822],[-89.11017391973847,20.98027185041761],[-89.11038923017651,20.979249650356373],[-89.11193611012683,20.97128357028193],[-89.11199628005872,20.971288880232475],[-89.11403936959242,20.971381079571444],[-89.11498478019949,20.97147922019971],[-89.1182048798582,20.971813430016475],[-89.12397977034063,20.972412629991577],[-89.12680280013346,20.978118710007745],[-89.127607349593,20.97820985031983],[-89.13165537981826,20.97663234962098],[-89.13186419998077,20.974838459738876],[-89.13219571028323,20.971221230211512],[-89.13502525965723,20.971669480377063],[-89.13880417043636,20.97124917012181],[-89.13917365999586,20.966218919778694],[-89.14109565970685,20.966507399730215],[-89.14128488963662,20.966537249702196],[-89.14357538049453,20.966913829707956],[-89.14566871999605,20.967263290215346],[-89.1461902500998,20.962530149867504],[-89.1478046799228,20.959025910249007],[-89.14807125951549,20.958043380106897],[-89.147138619757,20.95746815025408],[-89.1471563102276,20.957385119617847],[-89.15002617019763,20.947890599981054],[-89.15671432024274,20.94835074044301],[-89.16212391990537,20.953383259579315],[-89.1656208787348,20.93849527987867],[-89.16685707874981,20.933859889761113],[-89.18190607867439,20.939500829671392],[-89.1875883995653,20.93912182956319],[-89.1902487499306,20.940119059747133],[-89.19230798013862,20.943134890368775],[-89.1933316199552,20.945037260374672],[-89.19405792037206,20.946080290460166],[-89.19348230970517,20.94408842011447],[-89.19224482030859,20.94066519960981],[-89.1909653404123,20.937519690241313],[-89.19023771009269,20.936289780297784],[-89.18917867979282,20.935181849679253],[-89.17887296908513,20.931178660109772],[-89.1809738579148,20.915323519513482],[-89.18764942802503,20.909421769405995],[-89.18348777833754,20.893204180586267],[-89.18289445765576,20.893037450739886],[-89.17822187772929,20.89757248089436],[-89.17758257825366,20.898243570635195],[-89.17301319783573,20.90245948059423],[-89.164436048159,20.90141720062339],[-89.16141137781652,20.89908465052674],[-89.14787882841374,20.895578540578466],[-89.14780442749918,20.884870291081203],[-89.14300781906235,20.880290290825723],[-89.14039251917607,20.880739711226614],[-89.1355099377892,20.880926489601123],[-89.12679482788832,20.887432380136126],[-89.1223625477973,20.89092435090664],[-89.12274799855825,20.892526289780946],[-89.1224442878491,20.89323565009743],[-89.12243039793316,20.893946681183955],[-89.12260804915138,20.89475785023298],[-89.11214870877404,20.89326074111037],[-89.11204624980799,20.890296419678602],[-89.10295834978194,20.884471259750196],[-89.07477560008319,20.87897050997539],[-89.06345089006365,20.873281859759434],[-89.0672741800603,20.86509297024531],[-89.0615975796965,20.860284659918907],[-89.04866196992756,20.85935797984314],[-89.04514176992087,20.841516309658566],[-89.05567666003732,20.839308109602335],[-89.05338753965906,20.82337134999335],[-89.03959970962174,20.821724370313813],[-89.02125142982587,20.80835933989092],[-89.00812697992518,20.811581980221835],[-88.99636413976773,20.810993479599453],[-88.99676070970635,20.797014909714555],[-88.98647539994,20.795165599765678],[-88.98435914040562,20.810405320087742],[-88.97317470978507,20.807628539912503],[-88.9700182301443,20.787877339740803],[-88.9798719103723,20.78193947976837],[-88.97572132043413,20.764703920425518],[-88.95229345019293,20.761863170171196],[-88.94835876972337,20.78302056966106],[-88.95784711047784,20.786276779870672],[-88.95343026045937,20.822153029599175],[-88.95715874007126,20.828502769580975],[-88.97691848995083,20.83124912029119],[-88.99444056964043,20.82505747998047],[-88.9916018198264,20.83936574010478],[-88.98559898042595,20.852382769843878],[-89.00455179959106,20.851981780143483],[-89.03170982959526,20.866989380270553],[-89.0507044503338,20.865196110163687],[-89.05175748963192,20.875734970150535],[-89.04649282003928,20.888999879769116],[-89.02518015036809,20.882286580055673],[-89.01271473994852,20.890049630127425],[-89.01228322038392,20.89695928979093],[-88.99976782995235,20.895938309589575],[-88.99774000907854,20.889365651583795],[-88.99886647486777,20.889473667959308],[-89.00097001831499,20.88967535376909],[-89.00116213329152,20.88966763160799],[-89.00133439959764,20.889655556757173],[-89.00137945391097,20.889652398747867],[-89.00308207953438,20.8895330498384],[-88.99651904593773,20.884443036937597],[-88.99649503019533,20.884456940022005],[-88.99637084148632,20.884477932927048],[-88.99635283003816,20.88448096959071],[-88.96835974010156,20.89378637025718],[-88.95963720022144,20.885129570101856],[-88.95723585028733,20.89861648988119],[-88.94206345983952,20.894781060023337],[-88.93130371966026,20.895105680195286],[-88.93142035024152,20.88557623039597],[-88.91718259977964,20.885110949961774],[-88.91261477018524,20.87670534958022],[-88.88888115033154,20.86349574969528],[-88.89760456967015,20.85424014989267],[-88.90268641962719,20.825811140257617],[-88.89023002023066,20.82272718008706],[-88.88817783010516,20.82986953989808],[-88.87268965015433,20.842034879858563],[-88.86615151981114,20.85023022958014],[-88.86616522020219,20.858824619890026],[-88.85437553996164,20.859478370273152],[-88.85490006001787,20.842219480422095],[-88.8432606801958,20.844616090200667],[-88.8297209989184,20.85342525063343],[-88.82220091941554,20.874065880589633],[-88.830503488689,20.899519679487064],[-88.85453286017992,20.906229719791824],[-88.84495687880856,20.946589970880936],[-88.83921587995296,20.950387250679462],[-88.82464566001818,20.944237570774195],[-88.82013285972431,20.95236237110293],[-88.80809949034948,20.960027650422948]]]}},{"type":"Feature","properties":{"nombre":"Kanasín","NOMGEO":"Kanasín","CVEGEO":"31041"},"geometry":{"type":"Polygon","coordinates":[[[-89.53463563040629,20.98094176639106],[-89.5446820515116,20.98190951691111],[-89.54477351374383,20.981909341336628],[-89.54491407170684,20.98190907386287],[-89.54653263777945,20.981853704292618],[-89.54724186108106,20.981852115803424],[-89.55817529116142,20.98186647564538],[-89.55823798395735,20.981865524880757],[-89.55839014803064,20.981826517423894],[-89.55844730223815,20.981805135708306],[-89.55851745625483,20.981793527327056],[-89.55860131889439,20.981804384007592],[-89.55878843447316,20.98184705018467],[-89.56175645289248,20.98183835381747],[-89.56276304613321,20.98180179751082],[-89.56331748467584,20.981787907809984],[-89.56391220059247,20.9791489975834],[-89.56397547812173,20.97867716066226],[-89.56409362777313,20.978103960744463],[-89.5641608412886,20.9778526127178],[-89.56430245683431,20.976998387261023],[-89.56437620719802,20.976483623640444],[-89.56468037818547,20.97436052806736],[-89.56472751990451,20.974088490716152],[-89.56465118422626,20.974028370509128],[-89.5649260018618,20.97211032184477],[-89.56546407360688,20.968466524484658],[-89.5655286087585,20.96805010584898],[-89.56566980393502,20.967106030067196],[-89.56588084368722,20.96566310345391],[-89.56602077765372,20.96479903382292],[-89.56606260898859,20.964639539987466],[-89.56608421318654,20.964341423619793],[-89.56618207027677,20.9636540327073],[-89.56618383590116,20.962136870828434],[-89.56637426087053,20.96193164730819],[-89.56645232269318,20.96173912212045],[-89.56647080844346,20.961653629234466],[-89.56652727901712,20.961361280366525],[-89.56656907370571,20.961015611709467],[-89.56664490437315,20.960588233197356],[-89.56670568592897,20.96004282933786],[-89.5668329663485,20.959299413537266],[-89.56703615411186,20.957933350030157],[-89.567309538632,20.956226300245362],[-89.56722910529619,20.955667124411022],[-89.56726376638103,20.955438594731532],[-89.56760448422544,20.954114746256728],[-89.56766582584874,20.953714429196758],[-89.56772569729002,20.953406444878905],[-89.56788713546052,20.952735874002858],[-89.56800511228492,20.95199971347509],[-89.56824525471576,20.951415636351122],[-89.5685560985126,20.950726914493973],[-89.56896758290767,20.949949879988804],[-89.56924914466579,20.949602204507794],[-89.56970539236573,20.948902207094914],[-89.5700085815834,20.94845978051567],[-89.57049549212488,20.94792510652928],[-89.5706502117586,20.94782475602532],[-89.57085637038185,20.947702908644263],[-89.57137795830539,20.947179275981586],[-89.57203170558803,20.94680899976848],[-89.5725726377423,20.946408127418454],[-89.57303386248743,20.946079287358586],[-89.5736278635576,20.945565509123107],[-89.57381250156752,20.9454338340407],[-89.57489585451945,20.94463338297249],[-89.57509742104654,20.944557069202585],[-89.57723357181015,20.942894272012424],[-89.57732710519582,20.942855442727538],[-89.57805944751047,20.942313638061716],[-89.57856837980735,20.941962620592406],[-89.57925340515827,20.94150471869914],[-89.579225157009,20.941426675545664],[-89.5836237334913,20.93824101733523],[-89.58392044290093,20.937984536983976],[-89.58402945824815,20.937899531288817],[-89.58424626599349,20.937736688720427],[-89.58453171730655,20.937542757401335],[-89.58513971827605,20.937057751442417],[-89.58555291663038,20.93674667485628],[-89.58603857737234,20.93640985907098],[-89.5861291945698,20.936335451055967],[-89.58783666409234,20.935081543525598],[-89.58790358214371,20.93503401271216],[-89.58853481895619,20.93455797828193],[-89.58889237374233,20.93429023754876],[-89.58908399266457,20.934138607136727],[-89.58943028589634,20.933971093429147],[-89.58959216572242,20.933843262257483],[-89.58991644287217,20.9335725579573],[-89.59022109984238,20.933352983443505],[-89.59071797635346,20.933033655770128],[-89.59089162738277,20.932906456747155],[-89.59155832068579,20.93239656759884],[-89.59173016373221,20.93227939040922],[-89.59248955023736,20.93177614320752],[-89.59277581718123,20.931584562308046],[-89.59321116897716,20.9311448435825],[-89.59366873718284,20.93083286767906],[-89.59529367492225,20.92964043641252],[-89.59644608582175,20.928788769872853],[-89.59691377876825,20.92845344635398],[-89.59731306296729,20.9281686770131],[-89.59749278450288,20.92805754170085],[-89.5985298929059,20.927290158825492],[-89.59908545140951,20.92686420769329],[-89.59975140657656,20.92639670477557],[-89.60347576824293,20.923719845809607],[-89.60448020086535,20.922913637546653],[-89.60460056191299,20.922811978769094],[-89.60461576906114,20.92282445011199],[-89.60341368216798,20.918814297552636],[-89.6033326672627,20.918581355123443],[-89.60312027059878,20.917739711426865],[-89.60307091459912,20.917481989839604],[-89.60295890038182,20.916902382559496],[-89.60292400269545,20.916715658753176],[-89.60256096349605,20.914822629401765],[-89.60252014217949,20.914627734120288],[-89.60238049285861,20.913894815180377],[-89.60224017094728,20.91317686579913],[-89.60217925841253,20.91286175175701],[-89.60216130702642,20.912755929152308],[-89.60198991153057,20.911877569350267],[-89.60194753000087,20.91165399575612],[-89.60180510457798,20.910920720066],[-89.60172102824473,20.910484855836085],[-89.60142610199907,20.908945189127664],[-89.60139082459003,20.90875559906382],[-89.60128040063191,20.908185344952308],[-89.60118204288356,20.90768727329846],[-89.60114422370656,20.907481812872387],[-89.6011106639046,20.907304909139825],[-89.60104210755365,20.906949660660285],[-89.60096125306694,20.906519759580323],[-89.6008744648431,20.90607281220966],[-89.60083957427169,20.905884434826778],[-89.60066410208744,20.904980827175958],[-89.6006172535831,20.904723570898188],[-89.60044042662479,20.90380468874689],[-89.6003494525174,20.903338789676962],[-89.60028088837936,20.902987819795108],[-89.60011477519166,20.902211870895627],[-89.59991293188047,20.901162341949767],[-89.59973630876077,20.900297527936633],[-89.59957440673669,20.89945425970467],[-89.59954047754007,20.899277539250466],[-89.59933178124662,20.898192683939836],[-89.59893434788663,20.89610670913495],[-89.59777003231652,20.89635944698124],[-89.59660012332394,20.896633074354682],[-89.59449984281525,20.89709117458319],[-89.59001771816604,20.892107742636348],[-89.58859924725223,20.890511740920182],[-89.58365915231886,20.885651395228322],[-89.58348271514583,20.884818495107982],[-89.5832144243312,20.882589284175264],[-89.57584747978248,20.882308660258513],[-89.56187059602027,20.89023677233085],[-89.5526617260577,20.88760606959799],[-89.55020480416127,20.88536404669198],[-89.54562902046187,20.881371790970412],[-89.54886271288345,20.87760401522083],[-89.54926959819164,20.87710434756576],[-89.55247805173175,20.87544838148321],[-89.5582723937631,20.87724474964238],[-89.55301562254758,20.87298137544351],[-89.55300557866705,20.872543582344072],[-89.5529774458079,20.871317233541124],[-89.55296876034443,20.870382125163626],[-89.54496326011386,20.854826050220463],[-89.5436795700052,20.850903690071092],[-89.52529314917864,20.85057291911871],[-89.52413382959152,20.85367704913126],[-89.52698830964071,20.857443800805175],[-89.53259504847476,20.853161380892],[-89.53401180015767,20.8547676907328],[-89.53558551866057,20.85656963056547],[-89.534484933473,20.864768225114393],[-89.53513599532658,20.86532848537982],[-89.53390268505662,20.86795509260707],[-89.53389714910512,20.867966001954297],[-89.53359432638675,20.8685627739982],[-89.53352614300495,20.868697924559577],[-89.53353038448475,20.86869982821534],[-89.53355579983946,20.8687112355635],[-89.53355673557212,20.868711655509998],[-89.53781891989632,20.87062467969858],[-89.54212651994285,20.872699119883716],[-89.5398583200137,20.875561619809158],[-89.53813376999221,20.874996289556307],[-89.53657082970633,20.874152339926724],[-89.53636025946828,20.874129020329814],[-89.53452236973628,20.874212450851605],[-89.5305043502623,20.872226350424086],[-89.53007854036358,20.872189690381024],[-89.52733240006992,20.87978165013596],[-89.51630979879597,20.88039840053961],[-89.51699206029069,20.87968368072855],[-89.5164397390516,20.87654532060574],[-89.51291405991344,20.87707006121712],[-89.51080431978849,20.877278001112888],[-89.50615297036121,20.878222829893996],[-89.50599770985566,20.87821683016231],[-89.5090037133105,20.88225515674292],[-89.50507868966865,20.877934421042564],[-89.50326920029057,20.87615997088022],[-89.50310945887985,20.876170691123104],[-89.50303219860763,20.876172651152938],[-89.50106079272102,20.8764485935687],[-89.5010431690591,20.876450279931476],[-89.50069391004381,20.87650665077543],[-89.49998874978031,20.87661291088875],[-89.4995035996184,20.87668849126328],[-89.49888964988784,20.878318638618957],[-89.49888196929726,20.878369230024713],[-89.49862124025054,20.879183515168588],[-89.49845937946083,20.879297709752603],[-89.49843567806953,20.879273834678703],[-89.49570409326286,20.880008432874757],[-89.49233861992938,20.88999512038625],[-89.48382101203933,20.88725303140424],[-89.48341345879254,20.906408339936455],[-89.48387984879162,20.91085194031999],[-89.48373310858393,20.91145677005705],[-89.48261105978541,20.914503909887845],[-89.48254531911923,20.914588970139732],[-89.48247321957167,20.91467460038498],[-89.48217399974133,20.91507037960637],[-89.48255939949655,20.916496080010972],[-89.48403677891781,20.917017830427316],[-89.48599901892274,20.921890089554207],[-89.48543494029413,20.925942309818424],[-89.48127177000848,20.92643697954965],[-89.47799034986534,20.932881850254592],[-89.47291924912112,20.936240579922952],[-89.47333003042802,20.939723020139063],[-89.47641785015257,20.939554480913163],[-89.48117834860163,20.939926879735733],[-89.48892008883121,20.942401540508232],[-89.49383878018824,20.941728000703648],[-89.49670405927282,20.94692960048183],[-89.49749664872311,20.952452819953965],[-89.49855801955391,20.956457769591825],[-89.50430714859618,20.955970971082692],[-89.50483488999905,20.957844400270282],[-89.50492208973965,20.958150651297903],[-89.50494220010565,20.958626429958432],[-89.50498447851561,20.95873952083511],[-89.5052911204033,20.959817280206952],[-89.50546504935704,20.960624710778877],[-89.50595605859006,20.96300591090397],[-89.50604287938849,20.96329967971069],[-89.50637868888657,20.964888539851483],[-89.52303961964942,20.963452310249668],[-89.52777841962276,20.962427050007644],[-89.53499619087519,20.96125620024813],[-89.53504730417713,20.96124879790483],[-89.53549944516776,20.961183317106777],[-89.53572954606365,20.961149993110382],[-89.54021273867944,20.96206416976147],[-89.54021543218893,20.962569362739476],[-89.54021814902876,20.963079344316984],[-89.54025118833292,20.964101222110195],[-89.53573962881238,20.972833950527544],[-89.53463563040629,20.98094176639106]]]}},{"type":"Feature","properties":{"nombre":"Kantunil","NOMGEO":"Kantunil","CVEGEO":"31042"},"geometry":{"type":"Polygon","coordinates":[[[-88.88453029009116,20.7234273695974],[-88.88300392003313,20.74899220007688],[-88.89064838031648,20.75168525987725],[-88.88849522039688,20.769382150485253],[-88.88955985000194,20.78221811959314],[-88.87828612034937,20.779979280199804],[-88.86078040049455,20.79532262978641],[-88.88109642965914,20.799394020320168],[-88.89365888038053,20.806307739824582],[-88.8977251399771,20.795124000140934],[-88.90795837006154,20.79871501960883],[-88.944094509637,20.832577170179725],[-88.94595020015808,20.824444689945317],[-88.95343026045937,20.822153029599175],[-88.95784711047784,20.786276779870672],[-88.94835876972337,20.78302056966106],[-88.95229345019293,20.761863170171196],[-88.97572132043413,20.764703920425518],[-88.9798719103723,20.78193947976837],[-88.9700182301443,20.787877339740803],[-88.97317470978507,20.807628539912503],[-88.98435914040562,20.810405320087742],[-88.98647539994,20.795165599765678],[-88.99676070970635,20.797014909714555],[-88.99636413976773,20.810993479599453],[-89.00812697992518,20.811581980221835],[-89.02125142982587,20.80835933989092],[-89.03959970962174,20.821724370313813],[-89.05338753965906,20.82337134999335],[-89.07587272041773,20.82333814008886],[-89.0844144200366,20.803418480155383],[-89.06894210984848,20.797968890020684],[-89.05945822949596,20.781489920299197],[-89.05154144970824,20.76075957981002],[-89.04671080050687,20.758837749690173],[-89.04799472043292,20.746263430385408],[-89.04279401969835,20.738547250304578],[-89.06042559953275,20.738632629892614],[-89.07198907981397,20.74234105987397],[-89.07589162959688,20.705438889579224],[-89.06037205951596,20.703960740135425],[-89.01724952040067,20.68778502021243],[-89.01178502968484,20.684388799876498],[-89.01115597019468,20.6705835499313],[-89.00097548957538,20.67060622993711],[-88.9983973395879,20.685532579623676],[-89.0002964903745,20.693166879802007],[-89.03363970994175,20.706157620112396],[-89.0242600797123,20.713449620364248],[-89.02046072034642,20.72297135043821],[-88.99985070998568,20.72268503016792],[-88.9897284195139,20.72035671032108],[-88.99280845027907,20.69371782005618],[-88.98578342977028,20.685481060344085],[-88.98054879970672,20.706046110251737],[-88.96627822015,20.704849689942066],[-88.95501018039805,20.70763772018268],[-88.93988636985435,20.706452029926375],[-88.9398654299943,20.71285333961479],[-88.92467837966294,20.711402460154478],[-88.92646674997613,20.731829249901093],[-88.93069279990961,20.746109180404193],[-88.89198229001413,20.73384467996658],[-88.89420988023457,20.72334191024044],[-88.88453029009116,20.7234273695974]]]}},{"type":"Feature","properties":{"nombre":"Opichén","NOMGEO":"Opichén","CVEGEO":"31055"},"geometry":{"type":"Polygon","coordinates":[[[-89.754736458934,20.60711838109277],[-89.74969695013158,20.610820079859824],[-89.74526499978221,20.62767809032249],[-89.74898284999145,20.6290805199194],[-89.79284216990965,20.6332151502798],[-89.81231571972198,20.635072689577516],[-89.80825845952216,20.61755535019196],[-89.81939930974592,20.611366030218065],[-89.83358536966317,20.61503482040983],[-89.83589445039868,20.60597053993049],[-89.82610116996989,20.605718850309863],[-89.82877914977941,20.595943770284396],[-89.8538528197256,20.600998690235777],[-89.87293645031342,20.592290819791188],[-89.89600520003167,20.59431301983942],[-89.92888485048795,20.625959979726705],[-89.93131536954235,20.59521778025455],[-89.958729660345,20.59702778026416],[-89.96207533962574,20.570454619926807],[-89.92597403002881,20.557487180214558],[-89.94712088032888,20.521840630135557],[-89.91856681955743,20.51917919990358],[-89.90980880024476,20.512055859725297],[-89.9118852200792,20.493789690235243],[-89.88320940042833,20.491956890365696],[-89.88661438038623,20.469393059867038],[-89.82521824941945,20.46404918090596],[-89.82281828931403,20.47539423130806],[-89.79291494907449,20.471856970771007],[-89.78840571025222,20.511688510868076],[-89.79326097942517,20.516256051133293],[-89.78474698017601,20.534724450481853],[-89.76291670876455,20.534544399813253],[-89.75678950856701,20.5743112808111],[-89.75561951905628,20.59155146101048],[-89.754736458934,20.60711838109277]]]}},{"type":"Feature","properties":{"nombre":"Oxkutzcab","NOMGEO":"Oxkutzcab","CVEGEO":"31056"},"geometry":{"type":"Polygon","coordinates":[[[-89.403513568581,20.319146140668316],[-89.40856611863663,20.329031309617168],[-89.41000661987431,20.342301480067857],[-89.40745248872685,20.358890910305252],[-89.42890300005483,20.353530000436635],[-89.44002191022004,20.347747650303592],[-89.43639628015748,20.33130231095393],[-89.44600934897058,20.321141370472297],[-89.4440554587951,20.315834140862133],[-89.46859221887958,20.30252134066134],[-89.48559917909118,20.30763425958792],[-89.48250094941375,20.31836409092617],[-89.52453250956701,20.34276193985519],[-89.51886193939139,20.32860503044161],[-89.51967776865048,20.312082830292688],[-89.50383042021375,20.308553000290996],[-89.47249965863493,20.290384600560785],[-89.47971482865232,20.25716606099233],[-89.50482562884297,20.26116213986871],[-89.50724053927891,20.246506109527235],[-89.5416513999972,20.249686109937823],[-89.53991088860172,20.2650015206151],[-89.57886124907152,20.267988351201307],[-89.60149759961377,20.273122819587215],[-89.59623659917138,20.25056125973583],[-89.58697641886718,20.238118829824288],[-89.57719354889468,20.237529399603897],[-89.58195619877763,20.214599220112724],[-89.60111091931915,20.203391800721562],[-89.61813098001932,20.19052522075246],[-89.61639677953545,20.173072860580202],[-89.62650511035476,20.152920320309093],[-89.64922293943819,20.163971290444863],[-89.66050934855014,20.166598420091532],[-89.6516991686178,20.17699131033919],[-89.6477053790161,20.19077976971995],[-89.64051705963128,20.194967980365334],[-89.66357742038724,20.20755100035766],[-89.67447128871284,20.203169250050504],[-89.6958606198203,20.1989743407749],[-89.69807754927875,20.18881582061588],[-89.73334174028021,20.18031012034661],[-89.74847416971035,20.179269720788703],[-89.59870388961883,19.99819737958845],[-89.60467007871638,19.938284969463055],[-89.59584174941216,19.93742204966527],[-89.59744588023628,19.92112234089622],[-89.58681033884062,19.920460029702],[-89.57957082975021,19.935971309980566],[-89.53708484972967,20.000487600547878],[-89.52831578018127,20.012495320396912],[-89.50547141978653,20.02723815088738],[-89.50418936958087,20.038551219596457],[-89.41948228879427,20.03060891956832],[-89.4139039495007,20.02596994123576],[-89.39472481993859,20.02675258061885],[-89.38335388990342,20.024818860876504],[-89.37099638034923,20.029174980281205],[-89.36930134041349,20.057439629832228],[-89.39445034048781,20.062646089654915],[-89.3954927698511,20.075873309968898],[-89.42495931901313,20.085956579829404],[-89.42245976910893,20.109985431021762],[-89.41280057891737,20.11520995013235],[-89.42344645993582,20.12443372013948],[-89.41798765866675,20.13840635086355],[-89.40782717936035,20.13659430991279],[-89.40835482917953,20.123763430235453],[-89.39981378036214,20.123675950487975],[-89.39778727876387,20.107943220219525],[-89.37678327876914,20.104079849516456],[-89.3652516294881,20.110182110653703],[-89.36719983027571,20.13503260131406],[-89.3840880892439,20.135037620303976],[-89.38585622941467,20.14031311060133],[-89.40370099868183,20.14412677018942],[-89.41333373868179,20.149200860018688],[-89.4138252197936,20.157119800250012],[-89.42176985025364,20.15979728015162],[-89.41524746034428,20.17427360101885],[-89.40265221948172,20.171717429772833],[-89.40150627936637,20.183161289680147],[-89.37675479983244,20.1818850211692],[-89.37220754886744,20.18394286097538],[-89.37124910982541,20.196919139719054],[-89.39166925908016,20.199700319735374],[-89.38378368938011,20.248528259970033],[-89.37057436891615,20.279468921050388],[-89.38462828873813,20.287063029846465],[-89.38057548027618,20.29150470997408],[-89.36454401975446,20.29406022987045],[-89.3585867386096,20.30927541974053],[-89.36609773996885,20.310749351005256],[-89.36068421968885,20.324263709894865],[-89.35982165925905,20.33035406012324],[-89.38245590996486,20.33204586080774],[-89.40111245952447,20.318741000093194],[-89.403513568581,20.319146140668316]]]}},{"type":"Feature","properties":{"nombre":"Panabá","NOMGEO":"Panabá","CVEGEO":"31057"},"geometry":{"type":"Polygon","coordinates":[[[-88.0984748503777,21.4115974503887],[-88.09281827951357,21.42598805110088],[-88.10496866034778,21.428308200974612],[-88.10318448951188,21.44363385077276],[-88.10989488864222,21.456346380305252],[-88.11556085859073,21.443955000929947],[-88.12210950969727,21.44206905124814],[-88.12446324848042,21.423255861126375],[-88.14258004873659,21.425296060703523],[-88.1413060302567,21.446905721312667],[-88.13219493854558,21.44589409044752],[-88.13088961885178,21.47514480041461],[-88.16361141970141,21.478023550914696],[-88.16670128982275,21.452774620620787],[-88.16671131011377,21.452695600445033],[-88.16552202979761,21.434333879531582],[-88.17306593958968,21.429656169533875],[-88.19196309012288,21.431384250175885],[-88.19171928981618,21.423549939931583],[-88.20151349039546,21.422464880261753],[-88.20321672039995,21.406891780188246],[-88.21179206047043,21.385420089595918],[-88.25786338047016,21.390213230147527],[-88.26358347998263,21.414579949645695],[-88.2789140595086,21.41539232023173],[-88.27781402983815,21.4264966501253],[-88.28797781997775,21.425778280329865],[-88.31158707951748,21.433538850284243],[-88.3371770895897,21.433939459850414],[-88.34102591995703,21.428311939925628],[-88.35121734003546,21.434780980364007],[-88.36281524985677,21.430777919987055],[-88.37295351997469,21.438610690116832],[-88.40460163025627,21.443429110300542],[-88.4066104896762,21.430486049998297],[-88.43503201989502,21.429980259576364],[-88.43336304960597,21.441571230117372],[-88.45837062969416,21.443808350000587],[-88.45678694968885,21.43480462026048],[-88.46798127996892,21.43261157045137],[-88.46687800025742,21.458012780075883],[-88.47238784995328,21.47240149025934],[-88.48476306004777,21.47323337016472],[-88.48782732019099,21.451628339997594],[-88.48721305971183,21.43785697007564],[-88.49881248993485,21.439429350219054],[-88.50048098040612,21.424343579973932],[-88.5195673097055,21.42505003039956],[-88.51375563002023,21.432484950111938],[-88.51204807986282,21.446763719739614],[-88.53527482038118,21.442559110356655],[-88.52953056978764,21.42500459984603],[-88.52265788000634,21.425096309927127],[-88.52211276958526,21.40275615016643],[-88.52415397012388,21.394988769997184],[-88.5102183703557,21.395319999915536],[-88.5105154900922,21.405049550393393],[-88.50122828948903,21.412431310364287],[-88.482921710098,21.409938629620545],[-88.47209453964314,21.38898982978429],[-88.49056226004626,21.38659134963046],[-88.49186210960458,21.371716120313195],[-88.47418468020528,21.367828480209603],[-88.48056015017882,21.344331859918753],[-88.47493105961456,21.32257617022053],[-88.47622605976429,21.312132720230277],[-88.48312625006054,21.251708649850638],[-88.46916002955682,21.248878380244946],[-88.46463959858464,21.272249820427017],[-88.44437054009201,21.26981395084425],[-88.44277973976253,21.279042890266393],[-88.43260393984387,21.28416929072768],[-88.42859021891542,21.299196579772627],[-88.42049717945437,21.29846520089753],[-88.3892417197798,21.302078089730593],[-88.33214953967223,21.29698289029514],[-88.32443611982382,21.286155881273967],[-88.31070785896797,21.289692660452054],[-88.3111599485288,21.280571650250174],[-88.33839051893403,21.279088890168154],[-88.33879158028212,21.261745019990286],[-88.33624882030801,21.25636273958805],[-88.31041073977833,21.2527059500149],[-88.3140250292007,21.244975030136853],[-88.31634631996506,21.226977570320486],[-88.28454121846804,21.22371666118778],[-88.29138494033602,21.20669466025773],[-88.2837594604116,21.20208439984155],[-88.27205746023684,21.21676145046372],[-88.24080854014343,21.21429048010002],[-88.251513370061,21.22489254002462],[-88.25802764964327,21.236257380322343],[-88.2329450299194,21.244670749795887],[-88.22197001961965,21.24134371965601],[-88.21195554026606,21.24845538025746],[-88.21450889016951,21.254171780298893],[-88.21036821967483,21.28103943023985],[-88.21713453999206,21.288130339751376],[-88.20888017010783,21.297039740449435],[-88.19017494031566,21.294176749669383],[-88.18739371016223,21.304346450381818],[-88.16780294004799,21.30248037982579],[-88.16242571992944,21.299108290414573],[-88.15758594968355,21.32064662012218],[-88.14981732021771,21.31998575037047],[-88.1328126896988,21.325475750246582],[-88.13122494968634,21.34422942020575],[-88.12605665975825,21.35006652032549],[-88.122434849966,21.36490825985652],[-88.11598825028412,21.36619363009],[-88.10736373968982,21.376446400002344],[-88.11536868991865,21.381723229543088],[-88.1286381197574,21.373563849530836],[-88.1250210802199,21.406919629943456],[-88.1023917395326,21.4043910898997],[-88.0984748503777,21.4115974503887]]]}},{"type":"Feature","properties":{"nombre":"Peto","NOMGEO":"Peto","CVEGEO":"31058"},"geometry":{"type":"Polygon","coordinates":[[[-88.6126566001094,20.19701262037608],[-88.6446417997016,20.2070972901868],[-88.66976520003377,20.210893049713352],[-88.66630770979731,20.24915557027977],[-88.70043144978906,20.252229859679893],[-88.69922385997354,20.26683784991128],[-88.73941724958304,20.28605105998556],[-88.75715762036019,20.288667949678164],[-88.7527678799108,20.307890970133336],[-88.77071893995165,20.3107390796522],[-88.77030300004105,20.30096128963054],[-88.77624612024347,20.292130490418895],[-88.78676537965724,20.292187260378583],[-88.79495191028631,20.28748762039285],[-88.79727586028136,20.267369079811417],[-88.7924376888018,20.253994029540053],[-88.79767062970706,20.244735429959196],[-88.7948010297398,20.234442769529856],[-88.8054594788007,20.22981566012122],[-88.8264375700265,20.231523520190613],[-88.81512946022067,20.21633006064377],[-88.82589308942022,20.20873065093182],[-88.83176407859858,20.193657229550514],[-88.8999192789867,20.201151110487178],[-88.89916690978089,20.208337651192725],[-88.91206037878347,20.210146249500603],[-88.91447236905248,20.192429851245745],[-88.90217976917921,20.189643580214856],[-88.90578785041038,20.16300668994714],[-88.92897874872409,20.162761619921067],[-88.96847094002213,20.16690886004123],[-88.99623825003464,20.170212089962845],[-88.99884068982759,20.146702950083405],[-88.99179714033048,20.146155519675975],[-88.9929884002403,20.12471572045374],[-88.98468788965347,20.123768509625297],[-88.98782396969625,20.094450800892787],[-88.97643708962543,20.09047125019812],[-88.97728925018566,20.071880739968133],[-88.96760731044529,20.067627430365757],[-88.96915445967983,20.054055460352394],[-88.97674532030462,20.03785435012644],[-88.9962943503078,20.040817170149776],[-88.99970518039768,20.03273817960638],[-88.96600497046275,19.989650029709605],[-88.94627968984099,19.98706668026727],[-88.94189391997789,19.980937969740342],[-88.94528890988742,19.968967059637134],[-88.93393059995284,19.960907260135382],[-88.91732359989739,19.960175879889306],[-88.91919735020024,19.94277095017068],[-88.90935114954038,19.94184382007962],[-88.91665617974908,19.883103629727984],[-88.91950583033034,19.86687945984093],[-88.92557628040335,19.869034420385802],[-88.93473934027871,19.857874230440604],[-88.96490292042938,19.862929400033465],[-88.95867896989843,19.890261750106163],[-88.98491046026862,19.89340275022808],[-88.99006383013091,19.87558182966105],[-88.99691183018834,19.82031699962087],[-88.97329680035882,19.81868311989214],[-88.97359171026793,19.82395293976156],[-88.95451125977864,19.822891400226787],[-88.95638671971896,19.81682354985289],[-88.9438521400612,19.813442779760955],[-88.94543374958678,19.791946320018788],[-88.92951246038196,19.79094854974273],[-88.92029413994187,19.803973909773482],[-88.91110397042388,19.800937579951913],[-88.90820974988677,19.820661089832523],[-88.89758543020876,19.83686253980838],[-88.90048802016761,19.86111402031628],[-88.87912483039021,19.86239323029747],[-88.88019154011509,19.878124880217296],[-88.83304299957295,19.878227110176407],[-88.82592633972219,19.879925579708143],[-88.8204140502066,19.890473150091378],[-88.82982471975177,19.89855445021906],[-88.82727755034144,19.910481419704407],[-88.81650329033633,19.904473520414427],[-88.81614280046723,19.91549902995805],[-88.80974486002818,19.92599094005407],[-88.81017622046622,19.94494667971144],[-88.80563950997491,19.953830739688737],[-88.79837765044898,19.952523020232686],[-88.7980223804171,19.97493007981992],[-88.7907708000475,19.972020180308956],[-88.79047988020174,19.99213350959958],[-88.78441571028637,19.99523962965845],[-88.78350257980631,20.00818018039019],[-88.77146564965221,20.01346323039132],[-88.74247208000065,20.015087349939996],[-88.700176170054,20.010356720340546],[-88.69179629008113,20.02921341974216],[-88.68489183008207,20.077414320320916],[-88.6906089096236,20.089856119856748],[-88.69008919993395,20.10493363012588],[-88.6747238004808,20.10462521958878],[-88.67456327970196,20.12689204985453],[-88.64572064964732,20.121082339901246],[-88.6407872501788,20.18389311978581],[-88.6147007802585,20.179820450073326],[-88.6126566001094,20.19701262037608]]]}},{"type":"Feature","properties":{"nombre":"Kaua","NOMGEO":"Kaua","CVEGEO":"31043"},"geometry":{"type":"Polygon","coordinates":[[[-88.38005026022529,20.67254491982857],[-88.39566168010471,20.676463319578097],[-88.40794605226509,20.6730154914086],[-88.40850468776317,20.67306039906161],[-88.41197593987498,20.66276065023616],[-88.43105711964292,20.661702140324824],[-88.42888249040682,20.653746480279906],[-88.42572557967583,20.646089059863655],[-88.43464611036269,20.642113049768426],[-88.45027989007713,20.64889383037012],[-88.47133023008033,20.64598308009294],[-88.48331927986744,20.647113479946654],[-88.47828757986527,20.659105950313098],[-88.49119036958399,20.656132230243966],[-88.49180300011332,20.643450489619173],[-88.4966211699877,20.621966880077636],[-88.49407536986286,20.603713489941363],[-88.47171201996613,20.607298720223216],[-88.4468625103265,20.607926969909762],[-88.45307620005559,20.591770149652902],[-88.4566728498922,20.56906164991908],[-88.46971850972153,20.565714020391113],[-88.48805955043898,20.565584339787026],[-88.48838715040391,20.56102861979638],[-88.50428600021984,20.56095501977547],[-88.5005425697418,20.53886147955226],[-88.54662605027765,20.536355249673477],[-88.54818128016942,20.52652937966094],[-88.52776163044534,20.520900150305195],[-88.50345219977568,20.528227510401173],[-88.43295369031993,20.539358320041483],[-88.42970177023008,20.54892390981709],[-88.41695132187218,20.548797473536954],[-88.41607421072733,20.55035591238286],[-88.41582726878487,20.554626882763973],[-88.41424645035373,20.57331962980195],[-88.39744157910967,20.58311445982031],[-88.37571611033891,20.59015511986851],[-88.34545314020431,20.607135220297096],[-88.34705035021945,20.61754828026837],[-88.36363594968485,20.617136020353744],[-88.38512902027232,20.622975420234297],[-88.38205887861139,20.629976349634923],[-88.3689608297407,20.63554213972774],[-88.3696170901164,20.642069460449488],[-88.38727993943593,20.644123999763554],[-88.39407099967528,20.658503349923784],[-88.38005026022529,20.67254491982857]]]}},{"type":"Feature","properties":{"nombre":"Progreso","NOMGEO":"Progreso","CVEGEO":"31059"},"geometry":{"type":"MultiPolygon","coordinates":[[[[-89.48763290994108,21.317771339965788],[-89.55464548983068,21.30736782998032],[-89.56886154984495,21.302350580141574],[-89.64546510965766,21.28966637006198],[-89.66477552007883,21.288408780708128],[-89.67115171877052,21.284404060680792],[-89.70437708028467,21.279570569904298],[-89.77040175031657,21.26590419970639],[-89.80583294015057,21.256741680172258],[-89.83147086011661,21.252802400303377],[-89.85024467974532,21.24559297010139],[-89.8645754201528,21.2425575796568],[-89.86374096998408,21.23299920040724],[-89.8655411802593,21.17403568969133],[-89.8362172500658,21.162515830270024],[-89.83463994952746,21.17721012039844],[-89.82610475001738,21.17652573997628],[-89.83281571972458,21.206030480391494],[-89.823322580284,21.200657310427296],[-89.80119916987577,21.14914333967295],[-89.79180807999819,21.165548511088204],[-89.78414677920928,21.17386566052104],[-89.75947779944786,21.17103461965612],[-89.75751691881332,21.18591499972058],[-89.72826901987612,21.183224490495746],[-89.72166154027273,21.188295630320464],[-89.7143755487242,21.160581570813832],[-89.70339888952434,21.159327019829835],[-89.70211162969532,21.170047910244534],[-89.67996286023609,21.167516940117213],[-89.68206105875124,21.150663280084895],[-89.66766830999741,21.14908688989605],[-89.65467031863432,21.144415229467704],[-89.64541056961838,21.166206380421215],[-89.64710673937833,21.184720140005005],[-89.61885090906722,21.182346939875746],[-89.60748205004742,21.17861305058198],[-89.60631962921367,21.191060110889858],[-89.57766190925629,21.19030712118492],[-89.56693748008657,21.186436880447314],[-89.52988560043562,21.181413060449234],[-89.52659888969137,21.190404110194834],[-89.51300655042134,21.17244171033497],[-89.51440077972012,21.207058909806214],[-89.52243965032288,21.22339406009008],[-89.5149422296159,21.225306859801627],[-89.51558423043774,21.239632689759283],[-89.50872105011584,21.25590988012577],[-89.51052081989506,21.268039879704844],[-89.50072032029169,21.280249890454236],[-89.50169322966838,21.31399678039117],[-89.48763290994108,21.317771339965788]]],[[[-89.74914446057964,22.465044666503005],[-89.74792581653496,22.475409677780135],[-89.7544667035715,22.48394323536103],[-89.76081145215385,22.47580859831188],[-89.74914446057964,22.465044666503005]]],[[[-89.77098826170273,22.500791008683994],[-89.77405173214382,22.512090855084804],[-89.7844899645286,22.505457953216006],[-89.77098826170273,22.500791008683994]]],[[[-89.66548355349565,22.552078711077165],[-89.6706616586139,22.557465805960987],[-89.69758854811498,22.571522484786872],[-89.7330068267928,22.580132866684608],[-89.7438663397021,22.577523117832893],[-89.748721989864,22.567675140950747],[-89.75931263867902,22.560629665343505],[-89.76875353342984,22.5619726300041],[-89.7828837392699,22.553113393776197],[-89.78407825375923,22.546048198946334],[-89.7941238965129,22.53473871170774],[-89.79549069699492,22.515082206873394],[-89.78838140170933,22.50424648605651],[-89.76058765330441,22.52019312747621],[-89.75404199178055,22.532252153672594],[-89.7444587570774,22.536552530987194],[-89.72694190518872,22.521553485068754],[-89.72510387512682,22.532605278411477],[-89.71684559966774,22.530695789476543],[-89.71748156623588,22.518422314596506],[-89.71188425417665,22.498129751461747],[-89.72290072225874,22.492002739895327],[-89.72349819290056,22.481621082404953],[-89.73163387798469,22.468867124864545],[-89.72140507404643,22.45048533558868],[-89.71853738569722,22.433065014040164],[-89.70160196667973,22.432464733176683],[-89.69709611253471,22.416853767919513],[-89.71018439288305,22.417961142078326],[-89.6875481852422,22.38890670420159],[-89.66984655400653,22.391933846395716],[-89.65848274785881,22.3842012925225],[-89.65779172451903,22.374811022425416],[-89.64845077739774,22.367634410926893],[-89.63078789986916,22.385108887490073],[-89.6088562905319,22.437238032416772],[-89.6099779189689,22.471792137289306],[-89.61913665430279,22.495457283324217],[-89.63986119887892,22.52287132799038],[-89.65382708131939,22.53679370297678],[-89.66548355349565,22.552078711077165]]]]}},{"type":"Feature","properties":{"nombre":"Kinchil","NOMGEO":"Kinchil","CVEGEO":"31044"},"geometry":{"type":"Polygon","coordinates":[[[-89.90740842030587,20.923814420153935],[-89.90364307966142,20.93359380024727],[-89.91048265037469,20.936578850336943],[-89.95363211005326,20.948210169822207],[-89.96975048982037,20.95012457013832],[-89.97153662986847,20.94202035039211],[-89.99206808044293,20.940989090062025],[-89.99570399994843,20.934149549976848],[-89.97741922957161,20.928792119835325],[-89.97601512036472,20.908110220063538],[-90.00337540024775,20.894267579647593],[-90.0191931202447,20.89716933998561],[-90.02246549012351,20.88271928021292],[-90.02982285958389,20.883706000184837],[-90.02321025997665,20.918354290120583],[-90.05257447969358,20.917112249970927],[-90.05406748039432,20.91183474975905],[-90.0896866202969,20.91156467991155],[-90.0910966298169,20.893200630434976],[-90.11923962005868,20.89461630976369],[-90.20922004954957,20.9048080300738],[-90.21647414028214,20.841314169982056],[-90.17519478040819,20.836533110412734],[-90.17065801994255,20.842724479692667],[-90.15984857012596,20.841489690165506],[-90.11923835043129,20.83691666023002],[-90.1117834900178,20.804446540278548],[-90.11068392007637,20.79263813958465],[-90.11442143045244,20.779374019737084],[-90.10603487955653,20.76880287970313],[-90.10382535005635,20.789709770160552],[-90.08246502997709,20.78832462007273],[-90.08457782022656,20.77500931978858],[-90.07871063009526,20.745894259851017],[-90.02965597990482,20.739982550200683],[-90.01853135034794,20.73604504958676],[-90.00967674985915,20.766005230161664],[-89.99595417025161,20.76584677025483],[-89.98504546008924,20.79377256961776],[-89.98055777027251,20.79714022977021],[-89.97728443043655,20.8186699696664],[-89.9823556799878,20.827768339656377],[-89.97939754006778,20.839778350215827],[-90.00158019964329,20.844485549662124],[-89.99874999955122,20.86549453989341],[-90.00305841977003,20.872255710050485],[-89.99456529010831,20.877289779731697],[-89.98693343027215,20.864151999641393],[-89.9644103498645,20.86229053981623],[-89.96076333995887,20.851557770197218],[-89.94947060017607,20.85919371003016],[-89.93575956961462,20.862528350420597],[-89.92922729011606,20.860595939589793],[-89.92898459978879,20.844435999727843],[-89.92039683019415,20.837961739593965],[-89.908133229624,20.862753370123738],[-89.91598716965106,20.870112569892243],[-89.91791661997254,20.882313949940475],[-89.90922890997284,20.8963891796178],[-89.91413195020164,20.90735832032475],[-89.90740842030587,20.923814420153935]]]}},{"type":"Feature","properties":{"nombre":"Kopomá","NOMGEO":"Kopomá","CVEGEO":"31045"},"geometry":{"type":"Polygon","coordinates":[[[-89.79284216990965,20.6332151502798],[-89.82138681994971,20.669140540306696],[-89.84686943029774,20.669218950022152],[-89.84190442988293,20.679147740433535],[-89.87182602040353,20.69183930977439],[-89.9213324899684,20.697714549602345],[-89.92201650963014,20.69087721965243],[-89.92547628982064,20.66414873954549],[-89.97686671995888,20.650555520104906],[-89.98623743019867,20.660141950358042],[-89.98522320029019,20.669864340452204],[-90.02172709010686,20.676056690290874],[-90.02561991986094,20.655063649725065],[-90.00428508979807,20.651684200318208],[-90.0011239498617,20.640261539700642],[-89.9953518902984,20.636151550033116],[-89.97435914033821,20.63257031978363],[-89.97811772046704,20.61480597962893],[-89.958729660345,20.59702778026416],[-89.93131536954235,20.59521778025455],[-89.92888485048795,20.625959979726705],[-89.89600520003167,20.59431301983942],[-89.87293645031342,20.592290819791188],[-89.8538528197256,20.600998690235777],[-89.82877914977941,20.595943770284396],[-89.82610116996989,20.605718850309863],[-89.83589445039868,20.60597053993049],[-89.83358536966317,20.61503482040983],[-89.81939930974592,20.611366030218065],[-89.80825845952216,20.61755535019196],[-89.81231571972198,20.635072689577516],[-89.79284216990965,20.6332151502798]]]}},{"type":"Feature","properties":{"nombre":"Mama","NOMGEO":"Mama","CVEGEO":"31046"},"geometry":{"type":"Polygon","coordinates":[[[-89.39700299978315,20.572134579943416],[-89.41311200029674,20.574381979663894],[-89.41439945972982,20.56305631007751],[-89.40874794014199,20.55390690977257],[-89.42098662895414,20.552034141101945],[-89.43448394885336,20.553846001063945],[-89.43699667883503,20.567918521116244],[-89.44388282940261,20.568599860939702],[-89.44557577881004,20.555272890346515],[-89.45314124983335,20.555925800407426],[-89.44761653970875,20.539783799650646],[-89.44050303003576,20.52726316989261],[-89.42362816969629,20.526923400206616],[-89.43406204675729,20.505770437513313],[-89.43334986045672,20.49748026009194],[-89.41573035044978,20.495190420163244],[-89.40779925955499,20.487944179794273],[-89.41268656957577,20.45637227954047],[-89.38999203028906,20.458394260252955],[-89.39388551969186,20.45211290955712],[-89.38068551029563,20.447042150020437],[-89.37053717023038,20.45172422977473],[-89.34721799975819,20.45457228004149],[-89.33673422979604,20.447120109584546],[-89.33333723002765,20.454483260063107],[-89.31874477045184,20.46470913970045],[-89.31417673948843,20.479083370322922],[-89.30792893977386,20.48584568037149],[-89.33110806016668,20.488078170379865],[-89.33991708958976,20.51763537954234],[-89.33801948938917,20.525776720763737],[-89.33843408033435,20.52624687966383],[-89.33892214033656,20.526748740197323],[-89.33885169021495,20.527275510241626],[-89.33878346011379,20.527785939985968],[-89.33872323002696,20.528284739730474],[-89.33869722016192,20.52845631975093],[-89.34005312347149,20.528776769130374],[-89.3401550603265,20.528805229630873],[-89.33992070878678,20.52983165006422],[-89.34818540006361,20.529843550169524],[-89.34933788012485,20.519843599631333],[-89.37789031959306,20.52058232015016],[-89.37293596991161,20.53550406034562],[-89.38608570966831,20.536645939823615],[-89.39658322965211,20.561661219812862],[-89.39700299978315,20.572134579943416]]]}},{"type":"Feature","properties":{"nombre":"Maní","NOMGEO":"Maní","CVEGEO":"31047"},"geometry":{"type":"Polygon","coordinates":[[[-89.33673422979604,20.447120109584546],[-89.34721799975819,20.45457228004149],[-89.37053717023038,20.45172422977473],[-89.38068551029563,20.447042150020437],[-89.38385673981648,20.436724369598977],[-89.37221284992677,20.43233962959781],[-89.38720085037687,20.400194290344142],[-89.40313825000885,20.405142970303512],[-89.4067845199964,20.400731830314083],[-89.41799112021631,20.40942575046196],[-89.42886884999973,20.407791520375127],[-89.43020057015994,20.416565179904342],[-89.44467750973966,20.41526325985801],[-89.43973881997103,20.40599256960524],[-89.44233921982907,20.388542819938397],[-89.43382985990748,20.388512230156895],[-89.4370036196156,20.366504199728425],[-89.43009301957261,20.365043679846448],[-89.42890300005483,20.353530000436635],[-89.40745248872685,20.358890910305252],[-89.41000661987431,20.342301480067857],[-89.40856611863663,20.329031309617168],[-89.403513568581,20.319146140668316],[-89.40111245952447,20.318741000093194],[-89.38245590996486,20.33204586080774],[-89.35982165925905,20.33035406012324],[-89.36068421968885,20.324263709894865],[-89.35314912017559,20.324050880345546],[-89.32651437956577,20.33466938001678],[-89.32726837998209,20.33885095020711],[-89.32880261913002,20.34271696976296],[-89.33011935044513,20.349539050004214],[-89.33375421945426,20.35091034015762],[-89.33309373313253,20.35798999685453],[-89.32846976997962,20.356869489572215],[-89.32661102958552,20.35571359965762],[-89.31473823017981,20.357635219745596],[-89.31802210971756,20.360428509578924],[-89.3182079697974,20.360613350134464],[-89.31628142881985,20.370345770018442],[-89.3034625698583,20.36814476979094],[-89.30760700004856,20.379582259783437],[-89.30547720002826,20.382352660265703],[-89.30578188021852,20.38334136964476],[-89.30252156918769,20.38878482991607],[-89.3038175700216,20.389022779878093],[-89.31539148968287,20.391726030066277],[-89.31555367998791,20.394373349606845],[-89.31234346002495,20.40678359980206],[-89.3156129986956,20.41751177948558],[-89.32965089023013,20.42894305011448],[-89.33673422979604,20.447120109584546]]]}},{"type":"Feature","properties":{"nombre":"Maxcanú","NOMGEO":"Maxcanú","CVEGEO":"31048"},"geometry":{"type":"Polygon","coordinates":[[[-90.15984857012596,20.841489690165506],[-90.12384855042978,20.778006510341026],[-90.17056293955328,20.78526836992166],[-90.18127099975239,20.788986579672976],[-90.19528511967987,20.770939739628897],[-90.19346705020868,20.758921970329336],[-90.20696701991814,20.74479011012647],[-90.23070456993689,20.76417706094226],[-90.25936108022918,20.734211310321676],[-90.27853736959463,20.750588980006672],[-90.38182150984487,20.749520230253985],[-90.381876740206,20.747304660375995],[-90.33609935045709,20.747297489942024],[-90.33704893959019,20.625730490311167],[-90.32178834961795,20.626497549882416],[-90.3168444298532,20.647510630299518],[-90.32557448002181,20.64945523034602],[-90.32450788037923,20.710291059700758],[-90.2860989802546,20.68864865995836],[-90.28859238003938,20.684901480018727],[-90.27777816996309,20.674461339566417],[-90.27331147957871,20.680715710201717],[-90.22546967891175,20.649966380245164],[-90.22512308867192,20.6319066797695],[-90.2155188293594,20.631584799872563],[-90.21541781906373,20.621996149752647],[-90.19815399902312,20.620489429930984],[-90.18574174961103,20.625333980141953],[-90.1860073104055,20.609944479996106],[-90.19746105972567,20.61004888962168],[-90.1927505701094,20.590363710165587],[-90.16722572008597,20.58159143014297],[-90.1540889997039,20.591698119544354],[-90.13944688992339,20.587968179801702],[-90.13323405958398,20.593379569976996],[-90.11923174962233,20.591935679929144],[-90.1200711100904,20.585569979631494],[-90.10901896996376,20.583402549862292],[-90.11121145044672,20.559373909709496],[-90.05407159984746,20.55470209008678],[-90.06792695028892,20.516510479949034],[-90.0485460903745,20.514172420045632],[-90.04580028044808,20.505720520082324],[-90.03764446039142,20.499667740364536],[-90.03351982974972,20.535985140018788],[-90.02211154029939,20.533773370373407],[-90.02255191996313,20.52714482970014],[-90.01321253970201,20.520463570271033],[-90.00237814007153,20.518771710087822],[-89.99670369014278,20.510662719590034],[-90.00417368005141,20.487021880062255],[-89.90247946011803,20.364835370139815],[-89.90204625983053,20.370226340106935],[-89.88588758017607,20.371399940210157],[-89.893495490336,20.354427999680222],[-89.87071048867996,20.35209111960932],[-89.8698845099967,20.379178850400617],[-89.8548083490252,20.37838331982758],[-89.85037482021156,20.38288266126046],[-89.833116089472,20.42084808011771],[-89.82976548006036,20.43298955021539],[-89.82521824941945,20.46404918090596],[-89.88661438038623,20.469393059867038],[-89.88320940042833,20.491956890365696],[-89.9118852200792,20.493789690235243],[-89.90980880024476,20.512055859725297],[-89.91856681955743,20.51917919990358],[-89.94712088032888,20.521840630135557],[-89.92597403002881,20.557487180214558],[-89.96207533962574,20.570454619926807],[-89.958729660345,20.59702778026416],[-89.97811772046704,20.61480597962893],[-89.97435914033821,20.63257031978363],[-89.9953518902984,20.636151550033116],[-90.0011239498617,20.640261539700642],[-90.00428508979807,20.651684200318208],[-90.02561991986094,20.655063649725065],[-90.02172709010686,20.676056690290874],[-89.98522320029019,20.669864340452204],[-89.98623743019867,20.660141950358042],[-89.97686671995888,20.650555520104906],[-89.92547628982064,20.66414873954549],[-89.92201650963014,20.69087721965243],[-89.95084776983194,20.694649980399106],[-89.93873256961076,20.72055269015178],[-89.96921150955659,20.72488457022004],[-89.97789787966987,20.72427396992016],[-89.99999999971224,20.732988420176735],[-90.01853135034794,20.73604504958676],[-90.02965597990482,20.739982550200683],[-90.07871063009526,20.745894259851017],[-90.08457782022656,20.77500931978858],[-90.08246502997709,20.78832462007273],[-90.10382535005635,20.789709770160552],[-90.10603487955653,20.76880287970313],[-90.11442143045244,20.779374019737084],[-90.11068392007637,20.79263813958465],[-90.1117834900178,20.804446540278548],[-90.11923835043129,20.83691666023002],[-90.15984857012596,20.841489690165506]]]}},{"type":"Feature","properties":{"nombre":"Mocochá","NOMGEO":"Mocochá","CVEGEO":"31051"},"geometry":{"type":"Polygon","coordinates":[[[-89.43150211973213,21.089722800318643],[-89.43460817043068,21.10700608021344],[-89.42686827980938,21.107691200304505],[-89.43748149025443,21.124498720087256],[-89.43445157994574,21.13734479988181],[-89.42004981985794,21.13571989033009],[-89.41533902995721,21.141770880033867],[-89.43372183033249,21.14451476984455],[-89.42999727959902,21.183206079782305],[-89.44373671956146,21.185713450357817],[-89.44222095041654,21.203909219924544],[-89.45302209037689,21.199660939653988],[-89.45672449045436,21.187189860231797],[-89.45469571974205,21.17656854033148],[-89.46329010972235,21.16980148012839],[-89.4634547403221,21.162695309618883],[-89.43709555036787,21.15492211008063],[-89.45149840017888,21.151502780012773],[-89.46835962036515,21.15508465993727],[-89.46755805975029,21.13878481970279],[-89.47389339976917,21.137359320282528],[-89.4706819397585,21.132196230286066],[-89.48858798034418,21.128776579779068],[-89.49636885974634,21.122476569653962],[-89.49146015035923,21.112029690370747],[-89.48892010955768,21.09489931000539],[-89.47977402986668,21.099244059814744],[-89.47246372251097,21.095173995979575],[-89.47245071985218,21.095184319583943],[-89.4724501399093,21.09518383656398],[-89.47025914036934,21.093357000303822],[-89.46935278012018,21.092601249944337],[-89.45849333862722,21.086137480675248],[-89.44456620002576,21.09402137995589],[-89.43829544958564,21.084843119751422],[-89.43150211973213,21.089722800318643]]]}},{"type":"Feature","properties":{"nombre":"Motul","NOMGEO":"Motul","CVEGEO":"31052"},"geometry":{"type":"Polygon","coordinates":[[[-89.41473081972869,21.31041139957654],[-89.43464946039086,21.312631229692705],[-89.43814519969254,21.28091527978237],[-89.42795225029494,21.279986680432128],[-89.43172583048187,21.242811949977153],[-89.43727416974103,21.234625909757522],[-89.41545987961902,21.23029892025427],[-89.40843415049774,21.22557501980057],[-89.40562896990849,21.21094101956537],[-89.40899485000848,21.1815239196082],[-89.37640435019767,21.172338049900716],[-89.36219002982415,21.161383449570454],[-89.35754567984763,21.146103539874954],[-89.36103660017277,21.137639860044796],[-89.36116480050836,21.120060019742457],[-89.3400934296983,21.11399778034165],[-89.32985139984142,21.109966460126802],[-89.33093685956028,21.09683404988117],[-89.32258985985433,21.094484170286954],[-89.32372128994854,21.075313490078848],[-89.31391390991432,21.068723230041964],[-89.29084094025076,21.063434450279335],[-89.29395998036603,21.043179450127024],[-89.2665962901628,21.047969249670448],[-89.26175960028898,21.062993830323535],[-89.25074942017538,21.060081259613746],[-89.25041554018814,21.044225570030374],[-89.25906969010029,21.03723996998572],[-89.25465883004597,21.030834570305036],[-89.24223012035198,21.028443380472304],[-89.24050668982748,21.017922650373883],[-89.22983935049061,21.020441939813747],[-89.22110658031077,21.02776465982733],[-89.21771079985497,21.037186419612837],[-89.20855825026798,21.035415579955906],[-89.20007514998663,21.035112149783807],[-89.19499714951093,21.054912480100654],[-89.17844386024011,21.05720275008641],[-89.18042999950056,21.068661540325895],[-89.1739858503372,21.074647449613607],[-89.17199790968114,21.08989925019123],[-89.18111974951582,21.098537740348426],[-89.21764099980714,21.105208710350748],[-89.21655065035168,21.113982570235393],[-89.20792941993878,21.125046679860027],[-89.18595025036454,21.12478554047102],[-89.18421811043875,21.143607890060974],[-89.18974240033394,21.154798859601286],[-89.16788746030207,21.15785928019472],[-89.16002671948428,21.16562054036669],[-89.1429183696715,21.164814689716906],[-89.14355334959029,21.152246659742147],[-89.13195840031499,21.146417880043515],[-89.11901187984068,21.153029850371382],[-89.12577130990869,21.16167072001194],[-89.12586815018338,21.174993200166217],[-89.14661311998876,21.167354969614692],[-89.14537910954678,21.18883748986342],[-89.13860762021028,21.204396219831015],[-89.14014774969051,21.204954309912637],[-89.14274239981336,21.206387940222083],[-89.14952907858942,21.23670540055224],[-89.14848873977752,21.241109519574316],[-89.15755225029957,21.238171369991022],[-89.15973108032675,21.23156518037981],[-89.15669495041264,21.20460699984829],[-89.17607897996523,21.187588109950678],[-89.19252898019177,21.19031776979045],[-89.19226466022869,21.198101879682675],[-89.20037268963596,21.20400134989464],[-89.21608015021093,21.205851000305103],[-89.21914417995191,21.184472279783172],[-89.2193990200003,21.1620425798161],[-89.23774802045129,21.16283292032479],[-89.22574251992083,21.178380170322406],[-89.23327700020265,21.182674019699448],[-89.23939757035252,21.17515825968184],[-89.24737240012728,21.174650420088728],[-89.25192922958034,21.167455710240272],[-89.29223359965195,21.171980220228956],[-89.29722194036994,21.16449880041285],[-89.32704239983482,21.167911229737932],[-89.32819394040058,21.178516089607463],[-89.34352714023095,21.187771220050475],[-89.34250044957423,21.20305428017303],[-89.3562538296777,21.202965219994702],[-89.36414649003157,21.210486179768683],[-89.3858457197238,21.21035175015114],[-89.38663697030032,21.202543540160352],[-89.40227248972477,21.197288349704284],[-89.39753988013824,21.231867350219165],[-89.38672437959316,21.23132008029666],[-89.38917917005612,21.24882863013537],[-89.37127079989831,21.25341878014086],[-89.3709738803416,21.261015819633197],[-89.39670151006437,21.263504480066068],[-89.39512597997557,21.276986489840574],[-89.4068524904529,21.278057650307037],[-89.40250457016768,21.30932858032977],[-89.41473081972869,21.31041139957654]]]}},{"type":"Feature","properties":{"nombre":"Muna","NOMGEO":"Muna","CVEGEO":"31053"},"geometry":{"type":"Polygon","coordinates":[[[-89.61388691901344,20.429612890564897],[-89.63849808796677,20.44260980030389],[-89.63981008808045,20.472371942055396],[-89.64227147910145,20.488455721474143],[-89.63326682823424,20.508877492021423],[-89.63381548718473,20.559806091753803],[-89.68237232033033,20.558983282141796],[-89.68368941832018,20.52409075147973],[-89.6912655380453,20.533131461366374],[-89.71369819925789,20.534093910649315],[-89.70835713873066,20.547632621145365],[-89.70184230872526,20.546779691022074],[-89.7028862179146,20.561118551905356],[-89.70869241934113,20.561484550813457],[-89.72680307911115,20.573438400704024],[-89.72768848829166,20.580843721197343],[-89.75077068901463,20.596182052185533],[-89.75561951905628,20.59155146101048],[-89.75678950856701,20.5743112808111],[-89.76291670876455,20.534544399813253],[-89.78474698017601,20.534724450481853],[-89.79326097942517,20.516256051133293],[-89.78840571025222,20.511688510868076],[-89.79291494907449,20.471856970771007],[-89.82281828931403,20.47539423130806],[-89.82521824941945,20.46404918090596],[-89.82976548006036,20.43298955021539],[-89.833116089472,20.42084808011771],[-89.85037482021156,20.38288266126046],[-89.8548083490252,20.37838331982758],[-89.8698845099967,20.379178850400617],[-89.87071048867996,20.35209111960932],[-89.86472755031555,20.349658721081568],[-89.82133094951412,20.341824909763282],[-89.8182431701533,20.336500951258827],[-89.78759182897802,20.337161970600143],[-89.78783325032393,20.35661691027715],[-89.77769553860678,20.35548572063053],[-89.77565027942603,20.36851022112341],[-89.74631719953,20.356618430528613],[-89.74775806003525,20.340430651202162],[-89.73044341974823,20.339081549847016],[-89.72840365873846,20.348723479639293],[-89.72048590976057,20.393430711294496],[-89.69469065900512,20.385535291074476],[-89.67777044914578,20.41392283038493],[-89.62763746025291,20.40076933964837],[-89.63419515023591,20.4129872297124],[-89.62923204875383,20.424963000561476],[-89.61388691901344,20.429612890564897]]]}},{"type":"Feature","properties":{"nombre":"Muxupip","NOMGEO":"Muxupip","CVEGEO":"31054"},"geometry":{"type":"Polygon","coordinates":[[[-89.25465883004597,21.030834570305036],[-89.25906969010029,21.03723996998572],[-89.25041554018814,21.044225570030374],[-89.25074942017538,21.060081259613746],[-89.26175960028898,21.062993830323535],[-89.2665962901628,21.047969249670448],[-89.29395998036603,21.043179450127024],[-89.29084094025076,21.063434450279335],[-89.31391390991432,21.068723230041964],[-89.32372128994854,21.075313490078848],[-89.32258985985433,21.094484170286954],[-89.33093685956028,21.09683404988117],[-89.32985139984142,21.109966460126802],[-89.3400934296983,21.11399778034165],[-89.34596519967208,21.102367020381394],[-89.35836586036605,21.10396308032765],[-89.35186470988124,21.09014294028111],[-89.36583474029273,21.089901430199372],[-89.37454048006582,21.078512029735112],[-89.36915329020098,21.060730430234457],[-89.3646041500283,21.058721740049435],[-89.35401228037203,21.056221920445495],[-89.3601464499753,21.041484889598934],[-89.35265751982179,21.036656740107617],[-89.35229469014229,21.019056719776824],[-89.33720694040323,21.019842799748414],[-89.34283279993087,21.009479340203963],[-89.35214026038064,21.009201890096573],[-89.35207920030186,20.99812894009159],[-89.34097307198957,21.00062981617263],[-89.34030948047587,21.00342327999226],[-89.3251388295535,21.006197399967746],[-89.30086921991453,21.007863570423744],[-89.30239797025352,21.01688442016187],[-89.28200314014406,21.020123379711684],[-89.2801829395194,21.035385599984096],[-89.25465883004597,21.030834570305036]]]}},{"type":"Feature","properties":{"nombre":"Quintana Roo","NOMGEO":"Quintana Roo","CVEGEO":"31060"},"geometry":{"type":"Polygon","coordinates":[[[-88.60068360000808,20.878033580209593],[-88.60517964948241,20.878677581203185],[-88.61821239969474,20.893750371213443],[-88.61585423008894,20.910550830853637],[-88.63774520024604,20.91691978080175],[-88.6460555390926,20.912358250027367],[-88.66047675024195,20.91365225959098],[-88.66223598003856,20.898983689641728],[-88.67830009044562,20.86062691964172],[-88.66215807924267,20.85142963104005],[-88.6630634199218,20.82809958035097],[-88.68126951996771,20.823718259921364],[-88.67905150981792,20.80937037077529],[-88.6723118502578,20.808486940399014],[-88.67443368004382,20.79102714133663],[-88.68249568963311,20.790006649882944],[-88.68826988895161,20.763617849736335],[-88.66304376891352,20.762283770594724],[-88.65947242881035,20.783707200570646],[-88.64606622971694,20.774152419589267],[-88.6406701503777,20.791533370388912],[-88.63900583038136,20.80757455050308],[-88.62206837923154,20.800821029761742],[-88.62070859884484,20.822903111123114],[-88.59211285982828,20.811127979998698],[-88.57046164898563,20.837211549727495],[-88.56566840002687,20.856734120609712],[-88.57647514982976,20.86076487996678],[-88.57937299889966,20.84298562117785],[-88.58878462898045,20.843800180366458],[-88.5878282903603,20.860237090131672],[-88.60216664863357,20.863761079585124],[-88.60068360000808,20.878033580209593]]]}},{"type":"Feature","properties":{"nombre":"Río Lagartos","NOMGEO":"Río Lagartos","CVEGEO":"31061"},"geometry":{"type":"Polygon","coordinates":[[[-87.861578369732,21.571908649825865],[-87.89116759874838,21.585278970476057],[-87.91103934984034,21.591699980662277],[-87.93333469018685,21.601150550386613],[-87.96290814928261,21.610131080389056],[-88.02957125951693,21.610417910251048],[-88.06983331008756,21.613828600892617],[-88.10423741992031,21.62136805082541],[-88.1320881503942,21.625088119894745],[-88.14502034878672,21.623950400639867],[-88.1772013990791,21.613294120483662],[-88.18885322881353,21.60455218003961],[-88.18881299917172,21.558881250439672],[-88.18965990978158,21.551190540342763],[-88.19218293930103,21.54121559974266],[-88.1842403690178,21.534724660660096],[-88.18173341876522,21.50974788955569],[-88.18556879907419,21.480225421178936],[-88.2068479492226,21.482267849486266],[-88.20892619950726,21.456176920602935],[-88.16991357913575,21.4530041703646],[-88.16670128982275,21.452774620620787],[-88.16361141970141,21.478023550914696],[-88.13088961885178,21.47514480041461],[-88.13219493854558,21.44589409044752],[-88.1413060302567,21.446905721312667],[-88.14258004873659,21.425296060703523],[-88.12446324848042,21.423255861126375],[-88.12210950969727,21.44206905124814],[-88.11556085859073,21.443955000929947],[-88.10989488864222,21.456346380305252],[-88.10318448951188,21.44363385077276],[-88.10496866034778,21.428308200974612],[-88.09281827951357,21.42598805110088],[-88.0984748503777,21.4115974503887],[-88.07458756976183,21.409842460712305],[-88.07281265930357,21.4266863401016],[-88.07906025943318,21.429718220874836],[-88.07695935004975,21.446270479864378],[-88.07647551866569,21.45010445033309],[-88.07490902915073,21.462450519834775],[-88.08461935020661,21.4634596299429],[-88.08133982967384,21.479291090137576],[-88.09114970894774,21.480254320502343],[-88.083106660349,21.498704259756995],[-88.08277043020522,21.525104261343127],[-88.09686250975571,21.523780509828356],[-88.09920677940032,21.532342829695825],[-88.07182599903548,21.53195827981883],[-88.07038165882695,21.535783780027995],[-88.0169286492426,21.531839890391808],[-88.00421325900406,21.533099000298424],[-87.99873082948969,21.545045910458978],[-87.99451891016153,21.568663710264794],[-87.95244554894433,21.56346358062495],[-87.93641272008973,21.563461830428913],[-87.92764867909472,21.557844920675144],[-87.9193396895569,21.558407460596474],[-87.90751168881319,21.567852370991577],[-87.87864619878488,21.56673414952965],[-87.861578369732,21.571908649825865]]]}},{"type":"Feature","properties":{"nombre":"Sacalum","NOMGEO":"Sacalum","CVEGEO":"31062"},"geometry":{"type":"Polygon","coordinates":[[[-89.54414079936036,20.581567511217862],[-89.5744693686924,20.585578551125522],[-89.57462819723801,20.597961181013936],[-89.59943221876146,20.59842615107425],[-89.60088691873538,20.59289783102218],[-89.6164451994011,20.598701251175065],[-89.62876707849394,20.5990401806259],[-89.65044434897739,20.60924588084538],[-89.65595930875968,20.60827465074805],[-89.61672807921371,20.57469186095948],[-89.64427668931218,20.57766306058981],[-89.65024822945745,20.572242200418867],[-89.66596390893646,20.58250378089096],[-89.6686195384614,20.592786201102353],[-89.69243794925447,20.601140940822294],[-89.70651057889023,20.60273612038338],[-89.71609779897153,20.607899200927957],[-89.7356777786167,20.609632021162238],[-89.754736458934,20.60711838109277],[-89.75561951905628,20.59155146101048],[-89.75077068901463,20.596182052185533],[-89.72768848829166,20.580843721197343],[-89.72680307911115,20.573438400704024],[-89.70869241934113,20.561484550813457],[-89.7028862179146,20.561118551905356],[-89.70184230872526,20.546779691022074],[-89.70835713873066,20.547632621145365],[-89.71369819925789,20.534093910649315],[-89.6912655380453,20.533131461366374],[-89.68368941832018,20.52409075147973],[-89.68237232033033,20.558983282141796],[-89.63381548718473,20.559806091753803],[-89.63326682823424,20.508877492021423],[-89.64227147910145,20.488455721474143],[-89.63981008808045,20.472371942055396],[-89.63849808796677,20.44260980030389],[-89.61388691901344,20.429612890564897],[-89.59911024835326,20.421742400987014],[-89.59506041854073,20.42587885214253],[-89.57906782766969,20.420889090486178],[-89.57760539835179,20.409669631749203],[-89.56427388868897,20.4021800306422],[-89.55835254335264,20.41541108226049],[-89.57753884821763,20.423942861602203],[-89.58429036931098,20.432334711110038],[-89.57895548926518,20.46023957141319],[-89.54250244905872,20.457409541849252],[-89.54024285928956,20.475706151807497],[-89.52627119884697,20.48330646100105],[-89.55012468924666,20.490727340741724],[-89.56299167852823,20.48788186053761],[-89.56766291951072,20.49773002104833],[-89.58179819685013,20.49976157397849],[-89.5817980492249,20.4997618969127],[-89.58211053554135,20.501074413517763],[-89.58742279872865,20.503544510582042],[-89.57834282930799,20.52152738087098],[-89.56454085867875,20.522602290356073],[-89.54938345884412,20.537904780951198],[-89.53740930923551,20.53646922111169],[-89.53994630852849,20.565132111129717],[-89.54369284852929,20.57687205060722],[-89.54414079936036,20.581567511217862]]]}},{"type":"Feature","properties":{"nombre":"Sanahcat","NOMGEO":"Sanahcat","CVEGEO":"31064"},"geometry":{"type":"Polygon","coordinates":[[[-89.16659248010723,20.765060030102436],[-89.1841344201505,20.770034800275866],[-89.19203643037862,20.77497883035491],[-89.19271302006213,20.786066289607106],[-89.21678127994052,20.78843105959938],[-89.23605160002202,20.780711750072328],[-89.2551035399378,20.780994090057373],[-89.25782030968229,20.77299974977917],[-89.24150128996658,20.774329799640654],[-89.22501505021154,20.76919292046067],[-89.22677654030326,20.75745534120868],[-89.23175965870173,20.752079550972166],[-89.23286661906408,20.734365420865224],[-89.22209363029566,20.734568450585854],[-89.22011446033758,20.74116022992291],[-89.20092858009147,20.739906090835948],[-89.20180991890967,20.75283551099445],[-89.19015429015981,20.750754150401317],[-89.17770785990456,20.74381198011384],[-89.17960093969448,20.75710585022525],[-89.16659248010723,20.765060030102436]]]}},{"type":"Feature","properties":{"nombre":"San Felipe","NOMGEO":"San Felipe","CVEGEO":"31065"},"geometry":{"type":"Polygon","coordinates":[[[-88.18885322881353,21.60455218003961],[-88.20038972011443,21.6000238004163],[-88.23932662002007,21.577893690038966],[-88.23830875036681,21.567414750376088],[-88.27343697034486,21.555926420163456],[-88.27761614956422,21.56099234009227],[-88.29346668023177,21.553424320246933],[-88.3232177701396,21.55116551958089],[-88.3541699703296,21.562120859650744],[-88.37551676957862,21.56770557038176],[-88.4032379200925,21.56428851002613],[-88.42276850973549,21.55832508980557],[-88.45850065040838,21.553798880404635],[-88.50047960001106,21.54260356983489],[-88.50051937954817,21.512305279752738],[-88.482184509558,21.509193519970655],[-88.48061029019753,21.499920720455403],[-88.46961245013097,21.49582008973595],[-88.46811511030586,21.51106565023463],[-88.44940062008813,21.509041279630292],[-88.44786866002055,21.521798250036323],[-88.41143468995006,21.517996849722458],[-88.41309545030529,21.48903645974622],[-88.43827588974736,21.491015489533552],[-88.43923545953982,21.47876349019124],[-88.45696154001234,21.478720510082464],[-88.45726971994213,21.484927139563734],[-88.47313987980122,21.484443479738708],[-88.47238784995328,21.47240149025934],[-88.46687800025742,21.458012780075883],[-88.46798127996892,21.43261157045137],[-88.45678694968885,21.43480462026048],[-88.45837062969416,21.443808350000587],[-88.43336304960597,21.441571230117372],[-88.43503201989502,21.429980259576364],[-88.4066104896762,21.430486049998297],[-88.40460163025627,21.443429110300542],[-88.37295351997469,21.438610690116832],[-88.36281524985677,21.430777919987055],[-88.35121734003546,21.434780980364007],[-88.34102591995703,21.428311939925628],[-88.3371770895897,21.433939459850414],[-88.31158707951748,21.433538850284243],[-88.28797781997775,21.425778280329865],[-88.27781402983815,21.4264966501253],[-88.2789140595086,21.41539232023173],[-88.26358347998263,21.414579949645695],[-88.25786338047016,21.390213230147527],[-88.21179206047043,21.385420089595918],[-88.20321672039995,21.406891780188246],[-88.20151349039546,21.422464880261753],[-88.19171928981618,21.423549939931583],[-88.19196309012288,21.431384250175885],[-88.17306593958968,21.429656169533875],[-88.16552202979761,21.434333879531582],[-88.16671131011377,21.452695600445033],[-88.16991357913575,21.4530041703646],[-88.20892619950726,21.456176920602935],[-88.2068479492226,21.482267849486266],[-88.18556879907419,21.480225421178936],[-88.18173341876522,21.50974788955569],[-88.1842403690178,21.534724660660096],[-88.19218293930103,21.54121559974266],[-88.18965990978158,21.551190540342763],[-88.18881299917172,21.558881250439672],[-88.18885322881353,21.60455218003961]]]}},{"type":"Feature","properties":{"nombre":"Samahil","NOMGEO":"Samahil","CVEGEO":"31063"},"geometry":{"type":"Polygon","coordinates":[[[-89.81681723007108,20.919763150222636],[-89.82188434995979,20.915873049581542],[-89.8212503401581,20.905738570053376],[-89.8334167103299,20.905783979910375],[-89.83924623036626,20.911316259920397],[-89.86285097969457,20.903595120229536],[-89.87278130951381,20.942742920170648],[-89.88340226035716,20.9373585503911],[-89.89303781988416,20.944501779665547],[-89.89529968048157,20.925728909795975],[-89.90740842030587,20.923814420153935],[-89.91413195020164,20.90735832032475],[-89.90922890997284,20.8963891796178],[-89.91791661997254,20.882313949940475],[-89.91598716965106,20.870112569892243],[-89.908133229624,20.862753370123738],[-89.92039683019415,20.837961739593965],[-89.92898459978879,20.844435999727843],[-89.92922729011606,20.860595939589793],[-89.93575956961462,20.862528350420597],[-89.94947060017607,20.85919371003016],[-89.96076333995887,20.851557770197218],[-89.9644103498645,20.86229053981623],[-89.98693343027215,20.864151999641393],[-89.99456529010831,20.877289779731697],[-90.00305841977003,20.872255710050485],[-89.99874999955122,20.86549453989341],[-90.00158019964329,20.844485549662124],[-89.97939754006778,20.839778350215827],[-89.9823556799878,20.827768339656377],[-89.97728443043655,20.8186699696664],[-89.98055777027251,20.79714022977021],[-89.98504546008924,20.79377256961776],[-89.99595417025161,20.76584677025483],[-89.97464271956981,20.760453459568605],[-89.94442482995554,20.76172085985021],[-89.9294685204707,20.787610459900797],[-89.92325366031976,20.795116779834203],[-89.91105449040388,20.793822950077065],[-89.91427036992106,20.75489620007979],[-89.89507109010896,20.751396179848477],[-89.8867563202003,20.77362841998716],[-89.89209094020447,20.77682574959419],[-89.88910591971184,20.790958290071526],[-89.89346460000444,20.802371430413515],[-89.87557214969999,20.804062829521747],[-89.87226862963097,20.824002380117886],[-89.88655732012825,20.832952950367417],[-89.88394217026351,20.84173742974333],[-89.88669179953295,20.86207171041514],[-89.87190876982109,20.865021370293363],[-89.88277390998701,20.874027509873113],[-89.88125005027639,20.882890889707287],[-89.88123029034195,20.883366319931753],[-89.8791204745168,20.883272576626723],[-89.82180047992155,20.88132935008326],[-89.81916567509317,20.897239110979115],[-89.81913850090844,20.89723907475349],[-89.80913405964523,20.9104351695736],[-89.81681723007108,20.919763150222636]]]}},{"type":"Feature","properties":{"nombre":"Santa Elena","NOMGEO":"Santa Elena","CVEGEO":"31066"},"geometry":{"type":"Polygon","coordinates":[[[-89.60149759961377,20.273122819587215],[-89.5938395201099,20.284039780421484],[-89.59782865898764,20.287466290314303],[-89.61768785036287,20.287986449617204],[-89.6161802285542,20.30366377027054],[-89.60246625037985,20.325309480211555],[-89.60388036938376,20.347344450085878],[-89.59724868008675,20.35396002092154],[-89.61845367959026,20.363150029988095],[-89.62253974967555,20.36760457103648],[-89.63475871876108,20.350215720492393],[-89.64172804867188,20.34820528000221],[-89.64318741949313,20.360823770465775],[-89.65604578036842,20.362188919753788],[-89.65686944867177,20.37128988966048],[-89.68210454922696,20.37361143032407],[-89.67302748897129,20.3458273406024],[-89.70983021894853,20.357628490548006],[-89.72411892028683,20.354273381182654],[-89.72840365873846,20.348723479639293],[-89.73044341974823,20.339081549847016],[-89.74775806003525,20.340430651202162],[-89.74631719953,20.356618430528613],[-89.77565027942603,20.36851022112341],[-89.77769553860678,20.35548572063053],[-89.78783325032393,20.35661691027715],[-89.78759182897802,20.337161970600143],[-89.8182431701533,20.336500951258827],[-89.82133094951412,20.341824909763282],[-89.86472755031555,20.349658721081568],[-89.87071048867996,20.35209111960932],[-89.893495490336,20.354427999680222],[-89.88588758017607,20.371399940210157],[-89.90204625983053,20.370226340106935],[-89.90247946011803,20.364835370139815],[-89.83796388009377,20.28717588022175],[-89.87238230992939,20.28762809037856],[-89.87566069006473,20.253101949893885],[-89.84067816971516,20.251027510199485],[-89.84616490955514,20.20968698003459],[-89.80250527956362,20.20160508004778],[-89.8028708601162,20.1649066003383],[-89.79397478029574,20.13617193975515],[-89.78784381965646,20.144447969777758],[-89.77345318005902,20.153084139770645],[-89.75278666031423,20.176548739604844],[-89.74847416971035,20.179269720788703],[-89.73334174028021,20.18031012034661],[-89.69807754927875,20.18881582061588],[-89.6958606198203,20.1989743407749],[-89.67447128871284,20.203169250050504],[-89.66357742038724,20.20755100035766],[-89.64051705963128,20.194967980365334],[-89.6477053790161,20.19077976971995],[-89.6516991686178,20.17699131033919],[-89.66050934855014,20.166598420091532],[-89.64922293943819,20.163971290444863],[-89.62650511035476,20.152920320309093],[-89.61639677953545,20.173072860580202],[-89.61813098001932,20.19052522075246],[-89.60111091931915,20.203391800721562],[-89.58195619877763,20.214599220112724],[-89.57719354889468,20.237529399603897],[-89.58697641886718,20.238118829824288],[-89.59623659917138,20.25056125973583],[-89.60149759961377,20.273122819587215]]]}},{"type":"Feature","properties":{"nombre":"Seyé","NOMGEO":"Seyé","CVEGEO":"31067"},"geometry":{"type":"Polygon","coordinates":[[[-89.34492512031242,20.897386250206328],[-89.36407305997271,20.90019727981184],[-89.36461789042545,20.923063289784086],[-89.37131374036016,20.924207569784862],[-89.37526336958788,20.940480579941077],[-89.38250852045505,20.942666029733164],[-89.38182476970528,20.91533968003277],[-89.37380001959998,20.904782400182338],[-89.37552077027895,20.89856533958071],[-89.40448685019308,20.91962835010255],[-89.43433190962347,20.929302620208173],[-89.4475782602482,20.931596200460497],[-89.45759036992031,20.916112289573846],[-89.45570807961118,20.91323750975004],[-89.44222559873782,20.89398410996058],[-89.44169919125328,20.893264714356338],[-89.4416937796566,20.893257320253845],[-89.44090170859793,20.89375037953572],[-89.44063431001516,20.893916860371895],[-89.43511327910272,20.89042145108331],[-89.4349387604922,20.88991299516295],[-89.43471547514481,20.889262425407185],[-89.43471392021176,20.889257890215692],[-89.41172400013131,20.894746579760856],[-89.41635429027751,20.87621518013287],[-89.4116625797839,20.875567659581904],[-89.41650553993158,20.841969280177683],[-89.43170254963883,20.84759234964485],[-89.43189220027702,20.826510199679337],[-89.43795579968867,20.816579769671154],[-89.41723412001012,20.808011170346745],[-89.41292890970404,20.81904941961303],[-89.40321670970727,20.81776121985171],[-89.4043894198538,20.799186370085007],[-89.41988808038911,20.79132565031027],[-89.41935020048076,20.768464339962353],[-89.40495002978395,20.765213580285454],[-89.40048233965946,20.779347660359047],[-89.38515038003392,20.771242459886484],[-89.37367919955787,20.769107451131198],[-89.36906048907673,20.762069970709696],[-89.36948684639533,20.761119319084596],[-89.36948784811739,20.761117084680482],[-89.3694962503502,20.761098351096045],[-89.36906802213049,20.760924176362593],[-89.36906254980208,20.760921950670525],[-89.36879246587576,20.760045967839233],[-89.3687872597981,20.76004434068752],[-89.36882904225656,20.759902483572223],[-89.36888574961664,20.759709951009693],[-89.36878027976293,20.75967062097447],[-89.36870092340206,20.759641047210053],[-89.36868928834784,20.75963671147584],[-89.36867487978635,20.759631341287587],[-89.36878777552072,20.759318293560813],[-89.36872134885185,20.759162750379055],[-89.36873899992773,20.759092421073866],[-89.36849791923127,20.759001955032712],[-89.36840396651868,20.758966696590598],[-89.3677027719667,20.75870355422882],[-89.3676948198767,20.75870056974676],[-89.36768435667668,20.75869664361706],[-89.36724762965369,20.758532740621384],[-89.36742101960934,20.758037850729096],[-89.36753498378008,20.757778860489616],[-89.36754629496191,20.757751356020826],[-89.35680902019895,20.75392371047294],[-89.35514413990401,20.766453000682294],[-89.35009225877215,20.77498103050323],[-89.33092564914956,20.778578571252968],[-89.31961704859948,20.776744661066644],[-89.3019899993334,20.764910230708182],[-89.29249511998717,20.76253110970784],[-89.28808049042044,20.764683800263104],[-89.2855544300658,20.78473502016945],[-89.30508714984978,20.793922029656795],[-89.30495601957577,20.805775970380505],[-89.31568913964698,20.803445289989224],[-89.32441731968562,20.810238980184796],[-89.32747042982201,20.78837419969232],[-89.33197467999094,20.790049450029677],[-89.33432668961302,20.80618615040899],[-89.3200163801887,20.824653690275838],[-89.30576228045214,20.82116228997578],[-89.29411802015723,20.823054430098413],[-89.28814590972257,20.83742760028366],[-89.28241044963606,20.84056464993965],[-89.29473109000641,20.840247980269304],[-89.2940498199471,20.85346117963821],[-89.30878566021737,20.85377802042377],[-89.30727413961134,20.874759490195014],[-89.31529522028488,20.875127879775068],[-89.32321795028747,20.86748474995238],[-89.32606037995919,20.85671184996909],[-89.35569331021561,20.860787820010184],[-89.34762259968053,20.87555919978062],[-89.34492512031242,20.897386250206328]]]}},{"type":"Feature","properties":{"nombre":"Ucú","NOMGEO":"Ucú","CVEGEO":"31100"},"geometry":{"type":"Polygon","coordinates":[[[-89.80119916987577,21.14914333967295],[-89.823322580284,21.200657310427296],[-89.83281571972458,21.206030480391494],[-89.82610475001738,21.17652573997628],[-89.83463994952746,21.17721012039844],[-89.8362172500658,21.162515830270024],[-89.8373035997689,21.152773750239078],[-89.82646318039683,21.151126770170215],[-89.82119314969547,21.1449549097429],[-89.8242360595192,21.118967480049715],[-89.82108545960243,21.109190110336815],[-89.80937897044696,21.109910890345926],[-89.81176470955566,21.061968310275027],[-89.80850526019853,21.04850705022359],[-89.80085205026701,21.045059580213138],[-89.79938864970609,21.02893825024452],[-89.80439075046783,21.010382489681774],[-89.80491445005478,20.987553049745017],[-89.79760145005382,20.976772109645644],[-89.78012822002752,20.977388940277237],[-89.75342130992168,20.97310170958978],[-89.7445671785173,20.98083205057031],[-89.72824201973162,20.98649943103852],[-89.72872599811805,20.9976281039446],[-89.72877591010736,20.998775710199116],[-89.72909487993519,21.003738919942872],[-89.7324591193895,21.01312852122647],[-89.72367531939187,21.037927540419812],[-89.7101310294717,21.036512110630788],[-89.71384067917737,21.053829200866737],[-89.73841539905136,21.049406459911687],[-89.73771671043114,21.069935859736102],[-89.75165377907385,21.07129537002482],[-89.74902028024708,21.08867235133457],[-89.76853179896369,21.09103209092316],[-89.7867735090463,21.138608460912067],[-89.79692806026719,21.139239780287593],[-89.80119916987577,21.14914333967295]]]}},{"type":"Feature","properties":{"nombre":"Umán","NOMGEO":"Umán","CVEGEO":"31101"},"geometry":{"type":"Polygon","coordinates":[[[-89.75342130992168,20.97310170958978],[-89.78012822002752,20.977388940277237],[-89.79760145005382,20.976772109645644],[-89.81241998040653,20.961602029835923],[-89.81548523043435,20.952974629826414],[-89.80798634008417,20.94193565968877],[-89.8112000800151,20.92733887973807],[-89.81681723007108,20.919763150222636],[-89.80913405964523,20.9104351695736],[-89.81913850090844,20.89723907475349],[-89.81916567509317,20.897239110979115],[-89.82180047992155,20.88132935008326],[-89.8791204745168,20.883272576626723],[-89.88123029034195,20.883366319931753],[-89.88125005027639,20.882890889707287],[-89.88277390998701,20.874027509873113],[-89.87190876982109,20.865021370293363],[-89.88669179953295,20.86207171041514],[-89.88394217026351,20.84173742974333],[-89.88655732012825,20.832952950367417],[-89.87226862963097,20.824002380117886],[-89.8511995404563,20.82283848989472],[-89.84957236970955,20.798798090074232],[-89.82469687977634,20.787435849596562],[-89.80926189036147,20.770149370090422],[-89.79683211008447,20.776928149626176],[-89.78903496957338,20.773750679952922],[-89.78780727982229,20.762523109915385],[-89.77233994028548,20.772890690370062],[-89.75091598012762,20.782348310018413],[-89.72901515016804,20.775299850118163],[-89.73934007952985,20.77091561986256],[-89.74646378019617,20.74917168992769],[-89.73631643003634,20.747025369618225],[-89.73964035006539,20.73773448983489],[-89.73163192033554,20.735041080463624],[-89.73225577999844,20.72035440007397],[-89.71437505985747,20.71843508025765],[-89.69976462953267,20.71699658067126],[-89.68967194030111,20.728509850424157],[-89.69269448952242,20.746183350491023],[-89.69304417744641,20.748377107920536],[-89.69101245736755,20.767714590311954],[-89.68462658036941,20.768447690382086],[-89.68519617949515,20.77257054047527],[-89.68517121910271,20.772671920188408],[-89.68532354875244,20.774725199535176],[-89.69194188092222,20.77866348191226],[-89.69560183114417,20.777655560589423],[-89.69972073556347,20.775560096651642],[-89.70163248819406,20.774613087569882],[-89.70612843724744,20.774241997618514],[-89.70829905722545,20.774062789219098],[-89.71177898473444,20.791525539194758],[-89.71011370454579,20.800438697200377],[-89.70962591960308,20.80264599612548],[-89.69981518509873,20.799870043727054],[-89.70072602379587,20.797426886208743],[-89.6930439960938,20.794620362562984],[-89.69497900118925,20.78744222117024],[-89.69083442966792,20.78653542100554],[-89.6865665107378,20.804375098309254],[-89.68523220383447,20.809687620789276],[-89.68844892003445,20.819464032788627],[-89.69024730586875,20.812680791977787],[-89.69071465936379,20.81090480113846],[-89.6908419319829,20.810933905502495],[-89.6927329539627,20.811368125943012],[-89.69776670488989,20.812554279814375],[-89.70220737141948,20.808501337621482],[-89.71036935433219,20.81266774829269],[-89.71112510872531,20.816022801220345],[-89.7110322799508,20.822655770133995],[-89.69235064948057,20.82316858076623],[-89.68688935107808,20.824992532363453],[-89.6787832177327,20.827304170018817],[-89.67487506003678,20.830984202900762],[-89.67454159060823,20.83184376207156],[-89.67319705620115,20.83525306260447],[-89.67014357041934,20.843056600340713],[-89.66882079948212,20.84278029219171],[-89.6672599696492,20.841289510829036],[-89.665286017607,20.839184752098493],[-89.66283822931922,20.840110062847483],[-89.66356089034367,20.842263660068355],[-89.66232067664524,20.848401004391597],[-89.65784785070062,20.849132506540435],[-89.65801690130996,20.857062915769042],[-89.65781322744297,20.85707610098156],[-89.6573576319317,20.858182552009424],[-89.65729869419258,20.858325674902005],[-89.65710983707447,20.859576301812023],[-89.65764653542155,20.859633926572943],[-89.65974307436625,20.859859023476567],[-89.66457023906136,20.8601465814461],[-89.66489531887807,20.860149877493185],[-89.66658923972,20.86014716204115],[-89.67051347972374,20.860135887379286],[-89.67874183669281,20.871667643787116],[-89.67885326680204,20.872112368870813],[-89.68024856874902,20.878137062746173],[-89.67841885964489,20.880201450169288],[-89.67625666892782,20.879569190831475],[-89.6754478595418,20.88113716696102],[-89.67325439142247,20.890072819574556],[-89.67582961267775,20.894544190547034],[-89.67586043141411,20.89459769686525],[-89.68529559669895,20.906201854016807],[-89.68534370023563,20.908073928875282],[-89.6853715195863,20.90924832605571],[-89.68581305413112,20.90976155487955],[-89.68785442370256,20.912818997855098],[-89.68926781428775,20.91495695041068],[-89.68995587074356,20.915997703650962],[-89.69231112018521,20.91956007063675],[-89.69326809257154,20.92100844949647],[-89.69380321688581,20.921818340645483],[-89.68845149976504,20.924604793384972],[-89.68861237283764,20.9248710215453],[-89.68882887455123,20.925231981264265],[-89.68903016423143,20.925567576970405],[-89.68908437943973,20.925657971094434],[-89.690304879185,20.927692812893728],[-89.69976440869365,20.921285325605357],[-89.70734982569088,20.922794066034488],[-89.71046488809132,20.924095730327824],[-89.71187904397333,20.924372316987675],[-89.71104807717323,20.927888793818095],[-89.71312477430557,20.928259870529107],[-89.73212778033242,20.92323143445074],[-89.72673168939706,20.944055510362045],[-89.73067216136049,20.94669498827549],[-89.73779000140509,20.94910822907625],[-89.74924886067649,20.953075123607007],[-89.7489733823568,20.970871448351573],[-89.75342130992168,20.97310170958978]]]}},{"type":"Feature","properties":{"nombre":"Valladolid","NOMGEO":"Valladolid","CVEGEO":"31102"},"geometry":{"type":"Polygon","coordinates":[[[-87.95724216998182,20.847629740046095],[-87.95140774959927,20.86222741974017],[-87.97617078036912,20.86545052104508],[-87.97277513949962,20.879663709818463],[-88.008271749258,20.87977300096403],[-88.00702859983632,20.8681343996199],[-88.0166367700765,20.868238200812034],[-88.01458744974359,20.855528170918454],[-88.02110705887934,20.83084490969779],[-88.03932757882913,20.829221061256973],[-88.04260789005475,20.82135783022772],[-88.05785886036291,20.81766995037616],[-88.0694236504325,20.831863370354792],[-88.07909025882999,20.838223489573593],[-88.0873916803415,20.81850588128404],[-88.1014539189916,20.819194200537734],[-88.10539237017238,20.807362541012736],[-88.10066522868671,20.801811970313203],[-88.10527697938582,20.789500830267883],[-88.10464808871018,20.781039940706172],[-88.12334791876064,20.780106149807335],[-88.13000282012169,20.785037709874523],[-88.14796287888062,20.789644580814116],[-88.16584257005422,20.78870826091488],[-88.16701589023057,20.777673179946206],[-88.17831562036497,20.783420830606516],[-88.18552348980984,20.781375219779072],[-88.19825485964803,20.78498188976589],[-88.20468411949359,20.782835089561768],[-88.21992411899419,20.788357320852967],[-88.22756196967437,20.779585889871065],[-88.24150576913992,20.78202963081087],[-88.24392085959889,20.7961351502785],[-88.26255130909148,20.802129450190098],[-88.26660085952325,20.82418659966382],[-88.28099688938251,20.829407550140363],[-88.278565980184,20.842988250741737],[-88.29211357905658,20.841576380848014],[-88.29681190959644,20.833565120923037],[-88.31034027982447,20.842464660502582],[-88.31163059975135,20.851344050577968],[-88.32366342889658,20.854282141186285],[-88.32493051922549,20.84096094001336],[-88.31658540000169,20.832084000559256],[-88.29606124997545,20.823645779653937],[-88.302515050267,20.811387000472862],[-88.30164854000245,20.80072800067206],[-88.31000407976703,20.783077710137338],[-88.31816298005229,20.781366490153893],[-88.31825161854599,20.76948642060872],[-88.30863679915657,20.764267979953967],[-88.308992029266,20.752728120518093],[-88.30161811882323,20.75315205968456],[-88.29614977951773,20.745281940753863],[-88.28455301856361,20.745059320682707],[-88.28778808956679,20.71617474424984],[-88.29000154884478,20.71625566025805],[-88.3017474293563,20.719555581021407],[-88.30671023002775,20.719866490005032],[-88.31026107982719,20.720221539583726],[-88.3103289493701,20.72022789919445],[-88.31196274015149,20.720381000359367],[-88.31200663620808,20.719960589710386],[-88.31127941864224,20.71968145073805],[-88.31159642951043,20.71531234093411],[-88.3116655854898,20.7141422505614],[-88.31171623399183,20.713729378338464],[-88.31177248930314,20.71300694966046],[-88.31894494897315,20.699996910802398],[-88.3029758496368,20.702164510893024],[-88.30257594670412,20.681339511445266],[-88.29184301895992,20.677339541925168],[-88.29669008813585,20.666198171722133],[-88.29679951599725,20.655315449791356],[-88.28060109165675,20.652439174180138],[-88.28222725644045,20.633633711770763],[-88.26958971617479,20.626156021731465],[-88.2442993676765,20.626993411573032],[-88.23645307819933,20.636660131074528],[-88.23237645931411,20.648196340056845],[-88.21293827873465,20.64620953087742],[-88.20726941777738,20.65008644103099],[-88.18355084966602,20.651491249911643],[-88.17691517973235,20.625405340794792],[-88.18171145927964,20.615904319939784],[-88.16799231035246,20.60254331038674],[-88.16816731846629,20.601483769069077],[-88.16820009051318,20.601285362933943],[-88.16974905847609,20.59779766096483],[-88.16976322070174,20.597785790762543],[-88.17083342022185,20.596888780387044],[-88.17093056208518,20.596284494847215],[-88.1709763186637,20.595999859559427],[-88.17105837588265,20.595500753545025],[-88.17109413479696,20.59528325734722],[-88.17110506524062,20.59521677382784],[-88.17113365882994,20.595042851123818],[-88.17250227932891,20.585109849631714],[-88.16614534857116,20.579546720137582],[-88.15975302440845,20.578317349750463],[-88.15693036974294,20.568850050985553],[-88.15845610956718,20.569302820455054],[-88.15946445885356,20.569446680646173],[-88.1603191990709,20.569697711067846],[-88.16251462866349,20.56966737058164],[-88.16292485948306,20.569782060993607],[-88.16420605007833,20.56995589081869],[-88.16463236895292,20.57001337073196],[-88.16628870865675,20.569983200747785],[-88.16653365000624,20.57010458120499],[-88.1672602485037,20.570258371022092],[-88.16715190979694,20.56920306103115],[-88.16691091952836,20.568145780931626],[-88.16684472034456,20.567481371240483],[-88.16667601863185,20.566064171210417],[-88.16661008037498,20.56499331094501],[-88.16696856969851,20.563195030719164],[-88.16729017876641,20.56246271120659],[-88.16229150977885,20.558787081169033],[-88.16151952027744,20.55657062068459],[-88.16047208921817,20.54264789098418],[-88.17283434979029,20.539824920315596],[-88.16917942967928,20.52893564983182],[-88.1680549799822,20.526223350954577],[-88.16644670900604,20.522742090853434],[-88.16619901862089,20.520464280952947],[-88.1655646491516,20.519121690625585],[-88.16375541905073,20.516167750536994],[-88.1631984495041,20.51530362066158],[-88.16185784966196,20.51295237093634],[-88.16150517022878,20.511555261161668],[-88.16110707982334,20.51063422063122],[-88.1591016796508,20.509176380852384],[-88.15854817001703,20.508806660488126],[-88.14236813885184,20.51124737060306],[-88.12738033935223,20.50738446003694],[-88.12586925864031,20.50801864960558],[-88.12467259938103,20.508505450471183],[-88.12327805866417,20.508431220277572],[-88.11989314876244,20.50774525045541],[-88.11799828936623,20.499986379815702],[-88.11760123103241,20.49718020020414],[-88.12226951112869,20.480347259760286],[-88.12408331067283,20.47739003025628],[-88.12493562110001,20.472008491312458],[-88.12525183111546,20.470410800028436],[-88.12634103065936,20.465662851271716],[-88.1308006205695,20.466858380470818],[-88.1328110604483,20.467130201067175],[-88.1331828810521,20.467213691390526],[-88.13682545067682,20.45232902005823],[-88.13501151058402,20.43593586044675],[-88.12956631107907,20.42354397985973],[-88.1206416607168,20.416185510917032],[-88.11755915115705,20.40016102993596],[-88.11178531131557,20.40002300030657],[-88.1061193110136,20.400310460160878],[-88.09791526109943,20.400422140211834],[-88.0966514212333,20.400335719665563],[-88.09452212069887,20.400066820395807],[-88.0938959507591,20.399977000068752],[-88.09340435041806,20.39992445091147],[-88.08887492095383,20.39892869035175],[-88.08393965136844,20.39612298022436],[-88.07376440108673,20.394191779946215],[-88.0745392309984,20.375920050020042],[-88.07343105054532,20.37116240027924],[-88.06691689089446,20.35407626103777],[-88.06492943121776,20.349537050486823],[-88.0594336206818,20.354768060011956],[-88.04730660059977,20.36630872141177],[-88.04753328109796,20.37881817097755],[-88.03403006103136,20.37894009026867],[-87.99296003094099,20.417992920303433],[-87.99506545062525,20.447316431245785],[-87.96274204994988,20.44670603109406],[-87.93800649021908,20.470196690298668],[-87.94920320016085,20.47143589008217],[-87.94425718018607,20.51467552018254],[-88.01312813926482,20.52169097051873],[-88.01568364856875,20.533706180350393],[-87.97770956876491,20.52869014043404],[-87.98631000021629,20.555025851213887],[-87.97873477993805,20.589459819744118],[-87.98904631854057,20.598441260917017],[-87.99059810886827,20.599249220426497],[-87.99252133921419,20.59916715080196],[-87.99531259975622,20.5991511105576],[-87.99697456859683,20.599496680434225],[-87.99696586014687,20.602272381359747],[-88.0011297387387,20.610276861209734],[-88.00759605848792,20.61677869086474],[-88.00552557993561,20.620947831211943],[-88.00542158020265,20.6258168807671],[-88.00575868887606,20.6298693404821],[-88.0084860792864,20.632234750698018],[-88.0130143188751,20.631951880953313],[-88.01413519857715,20.631956550800535],[-88.01478591940521,20.63344008071608],[-88.03380796851482,20.63161552099454],[-88.03325068957469,20.632113660985492],[-88.03284948971245,20.63328258114674],[-88.03230967994432,20.63718095065368],[-88.03307682988202,20.638390031315407],[-88.03105716953252,20.642942151195598],[-88.03129889029582,20.64326265056624],[-88.02857417028322,20.64772335048358],[-88.02669530922664,20.650296371022925],[-88.0243781090634,20.651722520693024],[-88.02229037994941,20.658038200625587],[-88.01495807958509,20.657887180854814],[-88.01324601927764,20.663345400416436],[-88.01281336998905,20.66820263090493],[-88.0153934497759,20.66994426044656],[-88.01712743019337,20.670934081317576],[-88.0209345688704,20.670622490496164],[-88.02186430971226,20.670601661110066],[-88.0245500188167,20.671318281234004],[-88.03026430932997,20.674590432114986],[-88.03143565930219,20.675581512098265],[-88.03276205954604,20.676091371971097],[-88.0313373492483,20.680775951927878],[-88.02830071980013,20.679960322145412],[-88.02559912022942,20.68618871155662],[-88.02234776993633,20.685366781799736],[-88.02187413901784,20.696882492168545],[-88.02327589020769,20.7055656316108],[-88.0436434885487,20.71441998176459],[-88.0421280602508,20.724378750381845],[-88.03902891927206,20.73366002047981],[-88.00965762904066,20.729909579784284],[-87.99492407859087,20.730159429716565],[-87.99873262032281,20.745639230547],[-88.01779350964512,20.747881541091218],[-88.01602854906577,20.761838879694565],[-88.00593711869189,20.781777749626773],[-88.00527228909043,20.79024140090869],[-87.98973182988824,20.795227941146447],[-87.97693331971688,20.78933043006743],[-87.98024860041593,20.80384645028742],[-87.95121585022913,20.811714220405545],[-87.94805847869118,20.819533261202864],[-87.95888033849961,20.828796800988055],[-87.95230001944974,20.841388320600693],[-87.95724216998182,20.847629740046095]]]}},{"type":"Feature","properties":{"nombre":"Xocchel","NOMGEO":"Xocchel","CVEGEO":"31103"},"geometry":{"type":"Polygon","coordinates":[[[-89.07587272041773,20.82333814008886],[-89.0747609798315,20.83640052026594],[-89.08741222036849,20.836574109871336],[-89.08955642961122,20.851198889614242],[-89.10085699991969,20.847140090291816],[-89.11942162045662,20.852363689659523],[-89.11481157966435,20.840133969830234],[-89.13813831976486,20.840472220172],[-89.13549999962501,20.847177179741855],[-89.18068437051711,20.852618919609306],[-89.19274735044576,20.849231750073532],[-89.19872218026438,20.836837879902923],[-89.21751012026746,20.835700799814312],[-89.20685081987035,20.834891489978116],[-89.19489704985544,20.816365139906907],[-89.20206597991138,20.794162120181188],[-89.18366533874236,20.79617434998814],[-89.18274191990496,20.796421879676732],[-89.18045561471547,20.798008866584606],[-89.18041516990189,20.798003579982893],[-89.17783484782643,20.79689622710319],[-89.17755321088357,20.796807222589845],[-89.17015043009287,20.793985910093507],[-89.1508067500379,20.79647595018217],[-89.14722868979304,20.773276709946312],[-89.1326019399624,20.777099309784877],[-89.12632556967799,20.769772000420783],[-89.11430946031675,20.769933799852325],[-89.10596968971383,20.764362109682118],[-89.09353450961315,20.763376460143743],[-89.077591180298,20.75821648016138],[-89.0782032503374,20.75028926023967],[-89.07198907981397,20.74234105987397],[-89.06042559953275,20.738632629892614],[-89.04279401969835,20.738547250304578],[-89.04799472043292,20.746263430385408],[-89.04671080050687,20.758837749690173],[-89.05154144970824,20.76075957981002],[-89.05945822949596,20.781489920299197],[-89.06894210984848,20.797968890020684],[-89.0844144200366,20.803418480155383],[-89.07587272041773,20.82333814008886]]]}},{"type":"Feature","properties":{"nombre":"Yaxcabá","NOMGEO":"Yaxcabá","CVEGEO":"31104"},"geometry":{"type":"Polygon","coordinates":[[[-88.69307385007804,20.75230905973708],[-88.71031531010507,20.753750550221252],[-88.71942736957097,20.763885080410237],[-88.73310799960299,20.770933619985847],[-88.75290271034218,20.759543180276506],[-88.7792728599511,20.76876048008884],[-88.78135751033673,20.748890030197096],[-88.77509948957261,20.74105226008273],[-88.82753361985343,20.7404949796384],[-88.82060373979233,20.734744229791488],[-88.82114835020862,20.722085460259972],[-88.82596705019674,20.71297704973197],[-88.83901165032208,20.718313689738476],[-88.8499373700706,20.707746459815528],[-88.835945480515,20.690090919656736],[-88.84400365001527,20.66906407996973],[-88.85597838045449,20.689738379667983],[-88.87027940008656,20.694463019585765],[-88.88682961985128,20.67391042998396],[-88.89438472026322,20.655841510429095],[-88.88135862019301,20.654614179740474],[-88.8764005096708,20.661286249562945],[-88.85702696971111,20.654869199864304],[-88.83943694010947,20.654100260021455],[-88.83884638017065,20.63541181963455],[-88.84223911024735,20.616440949861328],[-88.82280978009234,20.612872739737885],[-88.82614289042489,20.601033740157035],[-88.83964078042496,20.59824157997573],[-88.85422840037617,20.601650340281466],[-88.86177568004665,20.582112250245377],[-88.87108133954281,20.566056249779894],[-88.88156280012561,20.56476026015801],[-88.88657462018205,20.535289600287793],[-88.90636080027244,20.54943950982994],[-88.92624616993541,20.553236000311824],[-88.9200950498063,20.534627199779568],[-88.94057047966851,20.53120188977634],[-88.9450949699588,20.497664859766406],[-88.96781797036569,20.49916648012163],[-88.97713640016936,20.493903319609192],[-88.96319478000412,20.491892320344828],[-88.96186091996111,20.477371310552513],[-88.95765012008384,20.465749720346714],[-88.97288714975785,20.452858579883795],[-88.97728035026034,20.441271880370525],[-88.98454248960293,20.43416908029254],[-88.95951932036833,20.42734480105657],[-88.95095512022624,20.421877170640876],[-88.95318006036838,20.389754939687144],[-88.95831836988745,20.337589709686913],[-88.94200525010879,20.33247966055131],[-88.94230233942945,20.327367170229245],[-88.8967656304055,20.32151059969085],[-88.89957943008157,20.315016740910757],[-88.88234091924645,20.31384438094177],[-88.88366660003695,20.29968918012443],[-88.84152817988479,20.296177629821866],[-88.84270024961982,20.288924940499005],[-88.81553516980863,20.287010290008503],[-88.82483774905748,20.269498249727228],[-88.79727586028136,20.267369079811417],[-88.79495191028631,20.28748762039285],[-88.78676537965724,20.292187260378583],[-88.77624612024347,20.292130490418895],[-88.77030300004105,20.30096128963054],[-88.77071893995165,20.3107390796522],[-88.7527678799108,20.307890970133336],[-88.75715762036019,20.288667949678164],[-88.73941724958304,20.28605105998556],[-88.69922385997354,20.26683784991128],[-88.70043144978906,20.252229859679893],[-88.66630770979731,20.24915557027977],[-88.66976520003377,20.210893049713352],[-88.6446417997016,20.2070972901868],[-88.6126566001094,20.19701262037608],[-88.60155244973741,20.2043677803385],[-88.60143890998276,20.225504340377846],[-88.6057731803786,20.225819280407926],[-88.60303515030138,20.24896452047056],[-88.5814284597909,20.249681229575106],[-88.58340896977866,20.26072277971371],[-88.58165865039267,20.27893198018882],[-88.57688605970829,20.27988762007408],[-88.5729416796969,20.31037450986836],[-88.59794654027179,20.312942619879816],[-88.59758990983687,20.316255479565076],[-88.61142490954607,20.315785320214413],[-88.6122339798039,20.29661394979897],[-88.61759162978632,20.289907430015926],[-88.61717906052131,20.279661199605844],[-88.64541271995658,20.283468120012923],[-88.64808433971848,20.292818650067446],[-88.65540389026707,20.292717029950396],[-88.64829643015744,20.351049830300003],[-88.65264703028936,20.352629090306692],[-88.65051062033588,20.406369659731652],[-88.64319754012634,20.40461045007154],[-88.64424728027933,20.41949479988458],[-88.65591051956542,20.424505909592284],[-88.65793791004013,20.4521106295852],[-88.63806767973544,20.45037564964769],[-88.63112591987857,20.47178623039872],[-88.63090742021394,20.48294260036031],[-88.61073202965642,20.48299141986232],[-88.6125809195541,20.5035057797763],[-88.61304553982292,20.554787749820708],[-88.62333336996195,20.55545244985174],[-88.62804268994866,20.591586169831775],[-88.64679958038761,20.619877259784666],[-88.6554338301503,20.625815309853092],[-88.65259593956151,20.642703030097312],[-88.67190268004481,20.64926574994755],[-88.67096745023915,20.693865150249163],[-88.69644309006055,20.696282689966115],[-88.68752712032779,20.703266649981728],[-88.67749830979403,20.72340468024389],[-88.6688069402319,20.745632520096603],[-88.69307385007804,20.75230905973708]]]}},{"type":"Feature","properties":{"nombre":"Sinanché","NOMGEO":"Sinanché","CVEGEO":"31068"},"geometry":{"type":"Polygon","coordinates":[[[-89.14848873977752,21.241109519574316],[-89.15182042861669,21.24486794060397],[-89.1556366292207,21.263438119836998],[-89.17182754001593,21.264927281276645],[-89.1661332804335,21.298113850116966],[-89.15014916977906,21.296418880477745],[-89.14668791900846,21.31127830955676],[-89.16278275038938,21.31025715057963],[-89.17674477005941,21.31316328010182],[-89.17525856891574,21.332040860222776],[-89.16069260022935,21.331072510836748],[-89.15801253924062,21.355136141231803],[-89.1892752196312,21.35292412002059],[-89.22588772033149,21.348196630357897],[-89.2300479203524,21.312564829781827],[-89.22984402954638,21.295766600268134],[-89.26399034988864,21.300174660357907],[-89.2653977196274,21.283129349859493],[-89.24659427993018,21.281032780181853],[-89.24723719961172,21.276010880386643],[-89.22785035040549,21.270334490227885],[-89.21932218017548,21.262794829700617],[-89.24617208999379,21.243249660076135],[-89.23463843027244,21.21290874021197],[-89.23108205969892,21.191739659794326],[-89.21914417995191,21.184472279783172],[-89.21608015021093,21.205851000305103],[-89.20037268963596,21.20400134989464],[-89.19226466022869,21.198101879682675],[-89.19252898019177,21.19031776979045],[-89.17607897996523,21.187588109950678],[-89.15669495041264,21.20460699984829],[-89.15973108032675,21.23156518037981],[-89.15755225029957,21.238171369991022],[-89.14848873977752,21.241109519574316]]]}},{"type":"Feature","properties":{"nombre":"Sotuta","NOMGEO":"Sotuta","CVEGEO":"31069"},"geometry":{"type":"Polygon","coordinates":[[[-88.88453029009116,20.7234273695974],[-88.89420988023457,20.72334191024044],[-88.89198229001413,20.73384467996658],[-88.93069279990961,20.746109180404193],[-88.92646674997613,20.731829249901093],[-88.92467837966294,20.711402460154478],[-88.9398654299943,20.71285333961479],[-88.93988636985435,20.706452029926375],[-88.95501018039805,20.70763772018268],[-88.96627822015,20.704849689942066],[-88.98054879970672,20.706046110251737],[-88.98578342977028,20.685481060344085],[-88.99280845027907,20.69371782005618],[-88.9897284195139,20.72035671032108],[-88.99985070998568,20.72268503016792],[-89.02046072034642,20.72297135043821],[-89.0242600797123,20.713449620364248],[-89.03363970994175,20.706157620112396],[-89.0002964903745,20.693166879802007],[-88.9983973395879,20.685532579623676],[-89.00097548957538,20.67060622993711],[-89.01115597019468,20.6705835499313],[-89.01178502968484,20.684388799876498],[-89.01724952040067,20.68778502021243],[-89.06037205951596,20.703960740135425],[-89.07021145964794,20.6745331202959],[-89.05868954042496,20.668973249856435],[-89.06223460025038,20.657437739615858],[-89.06932197004036,20.652101339602694],[-89.07937549011022,20.637287489936345],[-89.08859904977501,20.638301289970205],[-89.09123174995187,20.624450460279405],[-89.10004005963452,20.614690399534002],[-89.12069958010188,20.616996280395863],[-89.1217343495327,20.60941997027358],[-89.13530242956283,20.600184419709947],[-89.14742077995497,20.60453814959418],[-89.14780932047496,20.61157424985839],[-89.15943365958151,20.62595226035518],[-89.1867104787262,20.640841339714974],[-89.18235628021215,20.650606080620896],[-89.19626610898734,20.650545890897863],[-89.19437478003033,20.634121490762677],[-89.17558657910214,20.629578620853216],[-89.17827451879124,20.619808150492975],[-89.16083882964793,20.620001370918697],[-89.16339941994839,20.611840679668152],[-89.14825371901989,20.59753828019702],[-89.14452913878621,20.587816170654857],[-89.13268365013671,20.580166420638687],[-89.14356024984897,20.55359622011269],[-89.12743167962692,20.547355660342863],[-89.12122170959154,20.548160679550566],[-89.12315311986569,20.532886580080728],[-89.12319710988717,20.528085350114562],[-89.11024219935332,20.51621849033631],[-89.10214385942251,20.528748781000335],[-89.08288991926081,20.5130563395152],[-89.07241172002291,20.501418949811125],[-89.05561842931913,20.52964107961286],[-89.0365617099021,20.52925114996357],[-89.04671432021193,20.51263163093318],[-89.04934123001482,20.49304123053272],[-89.02168093922295,20.491186580889224],[-89.01702941960976,20.50181135099554],[-88.9997438001444,20.504078169822844],[-88.9976369394666,20.491771310813018],[-88.97713640016936,20.493903319609192],[-88.96781797036569,20.49916648012163],[-88.9450949699588,20.497664859766406],[-88.94057047966851,20.53120188977634],[-88.9200950498063,20.534627199779568],[-88.92624616993541,20.553236000311824],[-88.90636080027244,20.54943950982994],[-88.88657462018205,20.535289600287793],[-88.88156280012561,20.56476026015801],[-88.87108133954281,20.566056249779894],[-88.86177568004665,20.582112250245377],[-88.85422840037617,20.601650340281466],[-88.83964078042496,20.59824157997573],[-88.82614289042489,20.601033740157035],[-88.82280978009234,20.612872739737885],[-88.84223911024735,20.616440949861328],[-88.83884638017065,20.63541181963455],[-88.83943694010947,20.654100260021455],[-88.85702696971111,20.654869199864304],[-88.8764005096708,20.661286249562945],[-88.88135862019301,20.654614179740474],[-88.89438472026322,20.655841510429095],[-88.88682961985128,20.67391042998396],[-88.87027940008656,20.694463019585765],[-88.87034214043966,20.701921550439028],[-88.88845664995493,20.705836660097034],[-88.88453029009116,20.7234273695974]]]}},{"type":"Feature","properties":{"nombre":"Sucilá","NOMGEO":"Sucilá","CVEGEO":"31070"},"geometry":{"type":"Polygon","coordinates":[[[-88.2837594604116,21.20208439984155],[-88.29138494033602,21.20669466025773],[-88.28454121846804,21.22371666118778],[-88.31634631996506,21.226977570320486],[-88.3140250292007,21.244975030136853],[-88.31041073977833,21.2527059500149],[-88.33624882030801,21.25636273958805],[-88.33879158028212,21.261745019990286],[-88.33839051893403,21.279088890168154],[-88.3111599485288,21.280571650250174],[-88.31070785896797,21.289692660452054],[-88.32443611982382,21.286155881273967],[-88.33214953967223,21.29698289029514],[-88.3892417197798,21.302078089730593],[-88.42049717945437,21.29846520089753],[-88.42859021891542,21.299196579772627],[-88.43260393984387,21.28416929072768],[-88.44277973976253,21.279042890266393],[-88.44437054009201,21.26981395084425],[-88.46463959858464,21.272249820427017],[-88.46916002955682,21.248878380244946],[-88.47390409022934,21.208776369794567],[-88.47988648002602,21.209882180278377],[-88.4836699699311,21.189310580410467],[-88.47809784898587,21.186906251004526],[-88.45707544906514,21.18497792112048],[-88.45415725929855,21.153199249941203],[-88.41880944909104,21.14861234970152],[-88.4109941699137,21.14012472074985],[-88.392931049728,21.146278059556977],[-88.3933139393084,21.147539649496693],[-88.39711282876823,21.153177450508828],[-88.3967943700701,21.153489660609527],[-88.39627041922101,21.153386479608447],[-88.39028674876788,21.151957710238175],[-88.38610362927973,21.15091549016192],[-88.38004551027092,21.14949880094188],[-88.37678822040763,21.148409799864112],[-88.37538121883362,21.145491819747807],[-88.37368268870618,21.144117429717213],[-88.37033382991582,21.142762620943646],[-88.36977854009622,21.144181150043163],[-88.36968469018414,21.144493540270798],[-88.36813134992983,21.14689054960462],[-88.36690156897693,21.146847450358155],[-88.36635085936241,21.147076541029627],[-88.36378961977655,21.14959087953931],[-88.35473719958354,21.1532550308865],[-88.35597177984626,21.13990341988765],[-88.34335224933986,21.139302370994105],[-88.33183494995995,21.144275800701884],[-88.32668965976319,21.134837650670168],[-88.32761548852334,21.12568057062627],[-88.30864828886989,21.125923319971964],[-88.29061659847743,21.11954948110207],[-88.28633087871502,21.120764629520945],[-88.28233450883911,21.11959610991113],[-88.28058402021085,21.11979491135808],[-88.2804255996145,21.121094169576818],[-88.2794221685415,21.129579720975613],[-88.27905499893188,21.13255338072854],[-88.27052744975495,21.13163985025603],[-88.27043082931871,21.131551490215646],[-88.2705024186379,21.13221680036126],[-88.2702867798687,21.13500563081112],[-88.27048162963305,21.136953521087648],[-88.26920284876559,21.140178171110726],[-88.2676808885814,21.14161034994404],[-88.2663251693191,21.143853890263262],[-88.26641139932616,21.144870520040808],[-88.26589288864128,21.147451380878106],[-88.26581174986836,21.152386580941],[-88.26620581899549,21.154798030957927],[-88.24777725913019,21.156330199625263],[-88.24497344973659,21.175794030157757],[-88.25157807938827,21.185811249840693],[-88.27173168992108,21.18187842996736],[-88.27978596980793,21.190348769621785],[-88.2837594604116,21.20208439984155]]]}},{"type":"Feature","properties":{"nombre":"Sudzal","NOMGEO":"Sudzal","CVEGEO":"31071"},"geometry":{"type":"Polygon","coordinates":[[[-88.8432606801958,20.844616090200667],[-88.85490006001787,20.842219480422095],[-88.85437553996164,20.859478370273152],[-88.86616522020219,20.858824619890026],[-88.86615151981114,20.85023022958014],[-88.87268965015433,20.842034879858563],[-88.88817783010516,20.82986953989808],[-88.89023002023066,20.82272718008706],[-88.90268641962719,20.825811140257617],[-88.89760456967015,20.85424014989267],[-88.88888115033154,20.86349574969528],[-88.91261477018524,20.87670534958022],[-88.91718259977964,20.885110949961774],[-88.93142035024152,20.88557623039597],[-88.93130371966026,20.895105680195286],[-88.94206345983952,20.894781060023337],[-88.95723585028733,20.89861648988119],[-88.95963720022144,20.885129570101856],[-88.96835974010156,20.89378637025718],[-88.99635283003816,20.88448096959071],[-88.99637084148632,20.884477932927048],[-88.99649503019533,20.884456940022005],[-88.99651904593773,20.884443036937597],[-89.00308207953438,20.8895330498384],[-89.00137945391097,20.889652398747867],[-89.00133439959764,20.889655556757173],[-89.00116213329152,20.88966763160799],[-89.00097001831499,20.88967535376909],[-88.99886647486777,20.889473667959308],[-88.99774000907854,20.889365651583795],[-88.99976782995235,20.895938309589575],[-89.01228322038392,20.89695928979093],[-89.01271473994852,20.890049630127425],[-89.02518015036809,20.882286580055673],[-89.04649282003928,20.888999879769116],[-89.05175748963192,20.875734970150535],[-89.0507044503338,20.865196110163687],[-89.03170982959526,20.866989380270553],[-89.00455179959106,20.851981780143483],[-88.98559898042595,20.852382769843878],[-88.9916018198264,20.83936574010478],[-88.99444056964043,20.82505747998047],[-88.97691848995083,20.83124912029119],[-88.95715874007126,20.828502769580975],[-88.95343026045937,20.822153029599175],[-88.94595020015808,20.824444689945317],[-88.944094509637,20.832577170179725],[-88.90795837006154,20.79871501960883],[-88.8977251399771,20.795124000140934],[-88.89365888038053,20.806307739824582],[-88.88109642965914,20.799394020320168],[-88.86078040049455,20.79532262978641],[-88.87828612034937,20.779979280199804],[-88.88955985000194,20.78221811959314],[-88.88849522039688,20.769382150485253],[-88.89064838031648,20.75168525987725],[-88.88300392003313,20.74899220007688],[-88.88453029009116,20.7234273695974],[-88.88845664995493,20.705836660097034],[-88.87034214043966,20.701921550439028],[-88.87027940008656,20.694463019585765],[-88.85597838045449,20.689738379667983],[-88.84400365001527,20.66906407996973],[-88.835945480515,20.690090919656736],[-88.8499373700706,20.707746459815528],[-88.83901165032208,20.718313689738476],[-88.82596705019674,20.71297704973197],[-88.82114835020862,20.722085460259972],[-88.82060373979233,20.734744229791488],[-88.82753361985343,20.7404949796384],[-88.77509948957261,20.74105226008273],[-88.78135751033673,20.748890030197096],[-88.7792728599511,20.76876048008884],[-88.75290271034218,20.759543180276506],[-88.75245271957697,20.779110720625713],[-88.79173082045273,20.780786660031502],[-88.78270045903747,20.795177219506126],[-88.79071042046202,20.796315319896284],[-88.79120114037319,20.81066654985314],[-88.826078338788,20.81396329062606],[-88.82966850997673,20.7931382510519],[-88.84014710944761,20.797866430573393],[-88.85724277990697,20.801184200536508],[-88.85246407965319,20.832298910791046],[-88.8471020897715,20.83227362032766],[-88.8432606801958,20.844616090200667]]]}},{"type":"Feature","properties":{"nombre":"Suma","NOMGEO":"Suma","CVEGEO":"31072"},"geometry":{"type":"Polygon","coordinates":[[[-89.13195840031499,21.146417880043515],[-89.14355334959029,21.152246659742147],[-89.1429183696715,21.164814689716906],[-89.16002671948428,21.16562054036669],[-89.16788746030207,21.15785928019472],[-89.18974240033394,21.154798859601286],[-89.18421811043875,21.143607890060974],[-89.18595025036454,21.12478554047102],[-89.20792941993878,21.125046679860027],[-89.21655065035168,21.113982570235393],[-89.21764099980714,21.105208710350748],[-89.18111974951582,21.098537740348426],[-89.17199790968114,21.08989925019123],[-89.1739858503372,21.074647449613607],[-89.18042999950056,21.068661540325895],[-89.17844386024011,21.05720275008641],[-89.15873975001665,21.054115800050784],[-89.1459951998426,21.057436110382742],[-89.13433533965359,21.054955659891245],[-89.10333701954143,21.05474326035386],[-89.10231376973282,21.064173380387775],[-89.11892867972651,21.07253047987343],[-89.11535814985521,21.089024510255566],[-89.09040534962298,21.08424826020067],[-89.08517848044067,21.08818371995948],[-89.0900411097505,21.1038740602801],[-89.10407624997556,21.104757690379028],[-89.10357729002234,21.111883149642807],[-89.11589491970841,21.1131980196072],[-89.11206340007342,21.12706803045113],[-89.12151348978362,21.1268583503674],[-89.12644268974579,21.11947237973736],[-89.13746451964928,21.123047050152127],[-89.12894528968847,21.134055119633448],[-89.13195840031499,21.146417880043515]]]}},{"type":"Feature","properties":{"nombre":"Tahdziú","NOMGEO":"Tahdziú","CVEGEO":"31073"},"geometry":{"type":"Polygon","coordinates":[[[-88.79727586028136,20.267369079811417],[-88.82483774905748,20.269498249727228],[-88.81553516980863,20.287010290008503],[-88.84270024961982,20.288924940499005],[-88.84152817988479,20.296177629821866],[-88.88366660003695,20.29968918012443],[-88.88234091924645,20.31384438094177],[-88.89957943008157,20.315016740910757],[-88.8967656304055,20.32151059969085],[-88.94230233942945,20.327367170229245],[-88.94299337861554,20.317281769948913],[-88.97634102000409,20.320833430350405],[-88.97752431887763,20.288632230902465],[-88.9823250601387,20.289121200539856],[-88.98880723026959,20.264497420695218],[-88.98248465927468,20.255948110345052],[-88.96864184989748,20.25225763034797],[-88.98524128004657,20.242386579659712],[-88.97909096976773,20.22422345963793],[-88.97864716930867,20.20611095034198],[-88.96788325958441,20.196057570522335],[-88.96847094002213,20.16690886004123],[-88.92897874872409,20.162761619921067],[-88.90578785041038,20.16300668994714],[-88.90217976917921,20.189643580214856],[-88.91447236905248,20.192429851245745],[-88.91206037878347,20.210146249500603],[-88.89916690978089,20.208337651192725],[-88.8999192789867,20.201151110487178],[-88.83176407859858,20.193657229550514],[-88.82589308942022,20.20873065093182],[-88.81512946022067,20.21633006064377],[-88.8264375700265,20.231523520190613],[-88.8054594788007,20.22981566012122],[-88.7948010297398,20.234442769529856],[-88.79767062970706,20.244735429959196],[-88.7924376888018,20.253994029540053],[-88.79727586028136,20.267369079811417]]]}},{"type":"Feature","properties":{"nombre":"Tahmek","NOMGEO":"Tahmek","CVEGEO":"31074"},"geometry":{"type":"Polygon","coordinates":[[[-89.3030945102813,20.94267280003553],[-89.32108615027909,20.951612549904056],[-89.32489963020296,20.941361680030244],[-89.32430557953758,20.918511279959432],[-89.32701889089161,20.89484359444473],[-89.34492512031242,20.897386250206328],[-89.34762259968053,20.87555919978062],[-89.35569331021561,20.860787820010184],[-89.32606037995919,20.85671184996909],[-89.32321795028747,20.86748474995238],[-89.31529522028488,20.875127879775068],[-89.30727413961134,20.874759490195014],[-89.30878566021737,20.85377802042377],[-89.2940498199471,20.85346117963821],[-89.29473109000641,20.840247980269304],[-89.28241044963606,20.84056464993965],[-89.27822202970411,20.848833259694928],[-89.2810805503556,20.85868982978385],[-89.26737948017112,20.85742084990542],[-89.2683247100688,20.850032309705824],[-89.25279412028446,20.84871750963383],[-89.25201062987952,20.857634550303906],[-89.2389997102865,20.857087320188686],[-89.23941942033481,20.872222820110636],[-89.22833161969082,20.870015429574757],[-89.22283593986074,20.888814879880023],[-89.21445014986689,20.90025199956037],[-89.23991858023201,20.90856122003714],[-89.23810327991657,20.927173949812772],[-89.24295671015642,20.932844859711967],[-89.26236562013246,20.94049683025797],[-89.28126392033917,20.93422396982611],[-89.28943784964562,20.937886399890104],[-89.29953455045434,20.926089569756183],[-89.3030945102813,20.94267280003553]]]}},{"type":"Feature","properties":{"nombre":"Teabo","NOMGEO":"Teabo","CVEGEO":"31075"},"geometry":{"type":"Polygon","coordinates":[[[-89.16528268984166,20.405306691321567],[-89.15900694929105,20.421670489928232],[-89.17480543001597,20.425752831038086],[-89.17459179885515,20.44199191952398],[-89.18156798012909,20.45485150972449],[-89.18668167970853,20.444634949744138],[-89.18911444967378,20.43730181996257],[-89.19279888999608,20.427191379756373],[-89.20013523025023,20.42479152016925],[-89.20822082966225,20.431627449695913],[-89.22003951999025,20.429967450380815],[-89.22493659913766,20.440439260282936],[-89.24269375016047,20.44112550959685],[-89.24118085978415,20.451803709953065],[-89.24470577017934,20.45149911994154],[-89.25141616845842,20.434512200285308],[-89.26407754960664,20.432775090107143],[-89.2790838797607,20.43764867974228],[-89.28715950903336,20.427511089574896],[-89.28751491948584,20.419404680089826],[-89.297499259946,20.413004170199823],[-89.30589125992083,20.418131170019862],[-89.3156129986956,20.41751177948558],[-89.31234346002495,20.40678359980206],[-89.31555367998791,20.394373349606845],[-89.31539148968287,20.391726030066277],[-89.3038175700216,20.389022779878093],[-89.30252156918769,20.38878482991607],[-89.30578188021852,20.38334136964476],[-89.30547720002826,20.382352660265703],[-89.30760700004856,20.379582259783437],[-89.3034625698583,20.36814476979094],[-89.31628142881985,20.370345770018442],[-89.3182079697974,20.360613350134464],[-89.31802210971756,20.360428509578924],[-89.31473823017981,20.357635219745596],[-89.32661102958552,20.35571359965762],[-89.32846976997962,20.356869489572215],[-89.33309373313253,20.35798999685453],[-89.33375421945426,20.35091034015762],[-89.33011935044513,20.349539050004214],[-89.32880261913002,20.34271696976296],[-89.32726837998209,20.33885095020711],[-89.32651437956577,20.33466938001678],[-89.3201804288936,20.33227692037105],[-89.31868464971403,20.33175743062074],[-89.29657034878053,20.32878937037277],[-89.29184944887317,20.3352821209724],[-89.28363606023368,20.33328965097355],[-89.27200470955266,20.330251780846243],[-89.25569168978136,20.324002940548077],[-89.25379016846408,20.324171050414996],[-89.25331218016278,20.324851861311338],[-89.25145032134144,20.324879374675078],[-89.24869182001314,20.324175660558883],[-89.24657401890472,20.325214080185475],[-89.2292891101286,20.322591059976304],[-89.2264929394777,20.335319060267462],[-89.21781109003918,20.337803740332507],[-89.2151028793767,20.33347068959933],[-89.21319636999056,20.331246319999217],[-89.21359853421778,20.327768839956704],[-89.21232096873388,20.32874549448541],[-89.20791386288195,20.322533736722107],[-89.20177433990764,20.322847270479706],[-89.20337686659929,20.31452613379389],[-89.19899935029741,20.316653880392476],[-89.19484014006805,20.31988411962483],[-89.193159800161,20.320586950150975],[-89.19174967961037,20.319834770103533],[-89.19059202044566,20.31897661994463],[-89.1892605098722,20.318153249656145],[-89.18824076956885,20.317643450217414],[-89.18560977916792,20.3168568706976],[-89.18524134564431,20.3167814324758],[-89.18195936954669,20.316688200321018],[-89.18069630908153,20.316432600018977],[-89.17384251987399,20.311321620268227],[-89.17486621941252,20.30969831014895],[-89.17492381934547,20.308718380242237],[-89.17433708981416,20.307688820264318],[-89.17330024924608,20.30700194960692],[-89.16728079904146,20.307602349539085],[-89.16688596926447,20.308426279802053],[-89.16465210859549,20.317141489662284],[-89.16462095016527,20.31765507971144],[-89.15670388037724,20.31462534022974],[-89.15640416951976,20.315372850114983],[-89.15309940723935,20.314855780785827],[-89.1496568497318,20.314632430270148],[-89.14841019915451,20.316215059663076],[-89.1481554303429,20.317799569791188],[-89.14749354940045,20.321633229911995],[-89.14672651027172,20.324400519897196],[-89.14615057025092,20.331843950092743],[-89.14462782006768,20.334459600191717],[-89.14327248014175,20.337149400175107],[-89.14166567930563,20.340567068587372],[-89.13953890985488,20.34221094988569],[-89.13902281903347,20.34336652028765],[-89.13856315008556,20.34436418029643],[-89.13818720037384,20.34514534006592],[-89.13813871984117,20.345406200329066],[-89.13760643020717,20.346201820101697],[-89.12808523035687,20.36762308983658],[-89.11967419895004,20.37799142984811],[-89.10752016988631,20.404062860004554],[-89.111733829513,20.408633569985543],[-89.1138461489609,20.40924835085829],[-89.11461222939325,20.409609820762107],[-89.11923407973542,20.410959320258986],[-89.11960715244383,20.41096581523736],[-89.12081763065923,20.411082298402967],[-89.12189014888759,20.41124678025186],[-89.1228640901246,20.41107094106123],[-89.12371291927494,20.410966830499216],[-89.12449405884887,20.410667480427065],[-89.12690414946677,20.409285460774004],[-89.1283640295197,20.408618019685964],[-89.12901580038582,20.407095400902804],[-89.12941728978197,20.406604999847577],[-89.1302092602103,20.406232621071684],[-89.13865079994974,20.406203651028797],[-89.14142192044754,20.40695067979731],[-89.14236772363599,20.406890388704017],[-89.1433081388494,20.40700937109382],[-89.14409394016809,20.407154261180874],[-89.1453014196724,20.40704908973122],[-89.14635741998342,20.407041259582783],[-89.1579854587821,20.406884401042372],[-89.16528268984166,20.405306691321567]]]}},{"type":"Feature","properties":{"nombre":"Tecoh","NOMGEO":"Tecoh","CVEGEO":"31076"},"geometry":{"type":"Polygon","coordinates":[[[-89.48424784526772,20.760470941710114],[-89.48921898035677,20.770637400089345],[-89.49969476949818,20.777373940304543],[-89.50959733964552,20.782481141044542],[-89.50366459864618,20.76377456959469],[-89.51376504947069,20.759537540934588],[-89.54206610972655,20.75791660053054],[-89.55254893877753,20.76642665098944],[-89.55596533995393,20.774266290835534],[-89.56440137040784,20.7765221200098],[-89.57096828880103,20.755910539664818],[-89.5635183989912,20.753753830664436],[-89.57123445970545,20.737079201215472],[-89.55124307888124,20.735887259976774],[-89.55456513925893,20.721917479851193],[-89.55258102930938,20.708875120800368],[-89.5395976889001,20.701597081190073],[-89.5373490795225,20.71436311104166],[-89.52067539961826,20.696372819546898],[-89.49961499960014,20.69555822107312],[-89.51817057926999,20.678099771197235],[-89.53051877003011,20.616986660076307],[-89.54034111851595,20.608669740597826],[-89.53147785004212,20.595554050853412],[-89.54414079936036,20.581567511217862],[-89.54369284852929,20.57687205060722],[-89.52277520760369,20.57404159000492],[-89.52179379899947,20.566231710308468],[-89.51191681985853,20.565097769748807],[-89.49270555037822,20.55746332022986],[-89.47946977913602,20.56153589001712],[-89.46246544869953,20.54970720018772],[-89.45314124983335,20.555925800407426],[-89.44557577881004,20.555272890346515],[-89.44388282940261,20.568599860939702],[-89.43699667883503,20.567918521116244],[-89.43448394885336,20.553846001063945],[-89.42098662895414,20.552034141101945],[-89.40874794014199,20.55390690977257],[-89.41439945972982,20.56305631007751],[-89.41311200029674,20.574381979663894],[-89.39700299978315,20.572134579943416],[-89.39597453968912,20.579079889904392],[-89.37452910883091,20.590897951177904],[-89.37108633885842,20.596914480377407],[-89.35384202926657,20.61400395114343],[-89.3583174902735,20.625910661266325],[-89.34287434991684,20.642626970025873],[-89.3428647395165,20.642650709758573],[-89.34516865914955,20.652303769775067],[-89.33857097043179,20.661536049809207],[-89.3505870895178,20.66509603126317],[-89.35340330912463,20.645672231039843],[-89.36433930922205,20.648472551147634],[-89.3567759395525,20.67759538083433],[-89.38264336928833,20.680157201244427],[-89.36987491917452,20.699871020547512],[-89.37764957912293,20.702816450431822],[-89.38881122961327,20.6954728310383],[-89.38887209909268,20.695484984112106],[-89.3931957447031,20.697118570475002],[-89.39269730869269,20.697857570630397],[-89.39874667886296,20.702214940890677],[-89.3990332594781,20.70025951103844],[-89.39358811926967,20.696467520993746],[-89.39634839922626,20.69171258102584],[-89.4092857086693,20.69806380053463],[-89.40202502009255,20.70950818117999],[-89.38689591887288,20.714155801189385],[-89.38501075028407,20.722269522115987],[-89.40645337984398,20.724231999825413],[-89.40658028029895,20.74579277012115],[-89.41959203032637,20.751073521270943],[-89.43419194932946,20.75216006066629],[-89.43827786002525,20.76249511077789],[-89.47348225889006,20.77395408045571],[-89.4813489988163,20.77404068010199],[-89.48217644598522,20.75868793135683],[-89.48215721775638,20.758571006254478],[-89.48204946939343,20.757915778714903],[-89.48204040002705,20.757860629547576],[-89.48204488273909,20.7578650159896],[-89.48306819922385,20.7588662899851],[-89.4835988541104,20.759588137183336],[-89.48424784526772,20.760470941710114]]]}},{"type":"Feature","properties":{"nombre":"Tekal de Venegas","NOMGEO":"Tekal de Venegas","CVEGEO":"31077"},"geometry":{"type":"Polygon","coordinates":[[[-88.70993102006113,21.071929780285334],[-88.72632550876335,21.0721874912364],[-88.73632079891722,21.06939422961606],[-88.74284859878509,21.07408170956337],[-88.74982754901808,21.054397740846305],[-88.77811739972466,21.055472659768483],[-88.77888276988755,21.0506546802619],[-88.80343817945605,21.048843450895998],[-88.80547011912662,21.031090140745906],[-88.85067907967253,21.032855880643158],[-88.85759607995925,21.036476021095677],[-88.87720887941242,21.034176369524236],[-88.88348971910189,21.043689491192495],[-88.89665924872395,21.04225731007007],[-88.89700999967161,21.033417230858475],[-88.914682379954,21.032997110828905],[-88.9075591787771,21.05658945091039],[-88.901487149368,21.062449660152765],[-88.8888234892747,21.061167000384486],[-88.87626625899384,21.06373799951855],[-88.86348262030519,21.046143139823766],[-88.85880610859088,21.045956339998106],[-88.85427808035489,21.076386680898892],[-88.89183110982856,21.078222920984675],[-88.91041855029434,21.080459659600358],[-88.91787436962876,21.070745351127023],[-88.92008034954254,21.061662690784512],[-88.93905493848024,21.064038851228695],[-88.94590048892647,21.078294220096517],[-88.95740262037181,21.079033711152658],[-88.96006376966832,21.051302660094986],[-88.96343619999494,21.045479709876968],[-88.97683311033565,21.036265249802742],[-88.97925457975916,21.026746060422575],[-88.98925689024831,21.02865571957233],[-88.990226819931,21.017030319544133],[-88.97715610972796,21.01538394962661],[-88.97714812024826,20.99931947971255],[-88.98096468011356,20.986350420106326],[-88.93661952021296,20.997877149883966],[-88.92668912028164,20.997014030402813],[-88.92051878027965,21.00463148959308],[-88.89514745019201,20.998630889778322],[-88.8756716601327,20.999976949934535],[-88.87923094034588,20.98616422973265],[-88.87096386036856,20.9836847696984],[-88.87631992021072,20.972637050107757],[-88.85973810962585,20.977199120171697],[-88.84140151018079,20.9736544599842],[-88.83148957005938,20.96636118041052],[-88.81972839987077,20.96543748966954],[-88.80809949034948,20.960027650422948],[-88.80546727921633,20.971212060678447],[-88.77517682981636,20.968182950211848],[-88.77315873906251,20.98179871110399],[-88.7624478900865,20.975076619809908],[-88.74665524899744,20.993565150841118],[-88.7451781092434,21.00337845081055],[-88.76698341866714,21.003650820995777],[-88.76538024993852,21.01875282037308],[-88.74969024911908,21.01946385116987],[-88.73027874992033,21.016887980685624],[-88.71640459904233,21.0226604797812],[-88.71321168964238,21.03962792012408],[-88.71475161978368,21.04107854034871],[-88.70993102006113,21.071929780285334]]]}},{"type":"Feature","properties":{"nombre":"Tekantó","NOMGEO":"Tekantó","CVEGEO":"31078"},"geometry":{"type":"Polygon","coordinates":[[[-89.10333701954143,21.05474326035386],[-89.13433533965359,21.054955659891245],[-89.1459951998426,21.057436110382742],[-89.15873975001665,21.054115800050784],[-89.15988385006524,21.044926580294774],[-89.15503404961916,21.03637268998398],[-89.14230060009683,21.037228889933903],[-89.1461341496162,21.02837137002442],[-89.13220531013104,21.02683746005491],[-89.13787091038114,21.000473230339832],[-89.15102404971681,21.00027381963561],[-89.15368722029655,20.968572890165714],[-89.14566871999605,20.967263290215346],[-89.14357538049453,20.966913829707956],[-89.14128488963662,20.966537249702196],[-89.14109565970685,20.966507399730215],[-89.13917365999586,20.966218919778694],[-89.13880417043636,20.97124917012181],[-89.13502525965723,20.971669480377063],[-89.13219571028323,20.971221230211512],[-89.13186419998077,20.974838459738876],[-89.13165537981826,20.97663234962098],[-89.127607349593,20.97820985031983],[-89.12680280013346,20.978118710007745],[-89.12397977034063,20.972412629991577],[-89.1182048798582,20.971813430016475],[-89.11498478019949,20.97147922019971],[-89.11403936959242,20.971381079571444],[-89.11199628005872,20.971288880232475],[-89.11193611012683,20.97128357028193],[-89.11038923017651,20.979249650356373],[-89.11017391973847,20.98027185041761],[-89.10607464974542,20.983250460008822],[-89.10244434048494,20.98295614979377],[-89.10132953989279,20.98283503044201],[-89.10259221976489,20.97505842994067],[-89.1009082203745,20.965171229901504],[-89.0996882203592,20.961850149979878],[-89.09313037020573,20.96112385031144],[-89.09173701964008,20.95780675032333],[-89.08881778023861,20.96847480010858],[-89.08337139982827,20.9721893797475],[-89.07629422001158,20.971307579634193],[-89.06892954015672,20.97332337039389],[-89.07019711967548,20.97676286007589],[-89.06682545016136,20.973176780083037],[-89.06478422029177,20.97299565024755],[-89.06156636987828,20.974837249725486],[-89.05009394003503,20.980342399970905],[-89.04291165007145,20.971323449882586],[-89.02741194007055,20.96944654023821],[-89.03047538016497,20.9807359199251],[-89.02938832032119,20.99510219982835],[-89.04172278015068,20.999023450024463],[-89.05301242992195,20.995740419843564],[-89.05972680027841,21.007900920396935],[-89.07620464970624,21.030347969963458],[-89.10308980018115,21.04130937965884],[-89.10333701954143,21.05474326035386]]]}},{"type":"Feature","properties":{"nombre":"Tekax","NOMGEO":"Tekax","CVEGEO":"31079"},"geometry":{"type":"Polygon","coordinates":[[[-89.14176577038774,20.143149229599462],[-89.13832495047052,20.1769629998458],[-89.14818108033812,20.18322105021851],[-89.14874500044198,20.203997830158226],[-89.15641528017687,20.20533697027405],[-89.16580654968831,20.185293650223837],[-89.17855031008175,20.19596129039104],[-89.18908156980783,20.2000590899401],[-89.18708691854755,20.216842150157202],[-89.16690283017617,20.223766659562955],[-89.15990056967445,20.236664420210715],[-89.14834034034915,20.275013539990603],[-89.13074507963294,20.288507060371646],[-89.09941127969788,20.285517249982888],[-89.09258528004226,20.282908090019145],[-89.09638779957851,20.269049550263812],[-89.09633331042457,20.254773739895786],[-89.0845586499733,20.25402805971327],[-89.08860268975772,20.2675530303527],[-89.08557622978988,20.29193841966737],[-89.0876625198333,20.301988249550792],[-89.08224085971331,20.314815799764865],[-89.09758466027642,20.32084311015161],[-89.09121031050911,20.337995339597878],[-89.08189808040775,20.33465637011234],[-89.07613391961678,20.356420289749828],[-89.09299114928682,20.367978111146112],[-89.07166324941801,20.377445740597427],[-89.09329488009816,20.38882786023948],[-89.10659798023296,20.398763121157263],[-89.10752016988631,20.404062860004554],[-89.11967419895004,20.37799142984811],[-89.12808523035687,20.36762308983658],[-89.13760643020717,20.346201820101697],[-89.13813871984117,20.345406200329066],[-89.13818720037384,20.34514534006592],[-89.13856315008556,20.34436418029643],[-89.13902281903347,20.34336652028765],[-89.13953890985488,20.34221094988569],[-89.14166567930563,20.340567068587372],[-89.14327248014175,20.337149400175107],[-89.14462782006768,20.334459600191717],[-89.14615057025092,20.331843950092743],[-89.14672651027172,20.324400519897196],[-89.14749354940045,20.321633229911995],[-89.1481554303429,20.317799569791188],[-89.14841019915451,20.316215059663076],[-89.1496568497318,20.314632430270148],[-89.15309940723935,20.314855780785827],[-89.15640416951976,20.315372850114983],[-89.15670388037724,20.31462534022974],[-89.16462095016527,20.31765507971144],[-89.16465210859549,20.317141489662284],[-89.16688596926447,20.308426279802053],[-89.16728079904146,20.307602349539085],[-89.17330024924608,20.30700194960692],[-89.17433708981416,20.307688820264318],[-89.17492381934547,20.308718380242237],[-89.17486621941252,20.30969831014895],[-89.17384251987399,20.311321620268227],[-89.18069630908153,20.316432600018977],[-89.18195936954669,20.316688200321018],[-89.18524134564431,20.3167814324758],[-89.18560977916792,20.3168568706976],[-89.18824076956885,20.317643450217414],[-89.1892605098722,20.318153249656145],[-89.19059202044566,20.31897661994463],[-89.19174967961037,20.319834770103533],[-89.193159800161,20.320586950150975],[-89.19484014006805,20.31988411962483],[-89.19899935029741,20.316653880392476],[-89.20337686659929,20.31452613379389],[-89.20177433990764,20.322847270479706],[-89.20791386288195,20.322533736722107],[-89.21232096873388,20.32874549448541],[-89.21359853421778,20.327768839956704],[-89.21319636999056,20.331246319999217],[-89.2151028793767,20.33347068959933],[-89.21781109003918,20.337803740332507],[-89.2264929394777,20.335319060267462],[-89.2292891101286,20.322591059976304],[-89.24657401890472,20.325214080185475],[-89.24869182001314,20.324175660558883],[-89.25145032134144,20.324879374675078],[-89.25331218016278,20.324851861311338],[-89.25379016846408,20.324171050414996],[-89.25569168978136,20.324002940548077],[-89.27200470955266,20.330251780846243],[-89.28363606023368,20.33328965097355],[-89.29184944887317,20.3352821209724],[-89.29657034878053,20.32878937037277],[-89.31868464971403,20.33175743062074],[-89.3201804288936,20.33227692037105],[-89.32651437956577,20.33466938001678],[-89.35314912017559,20.324050880345546],[-89.35289525856219,20.318267140579017],[-89.33965076999637,20.319088050971942],[-89.33914881992037,20.308885661177868],[-89.32376809003598,20.30642066088283],[-89.3081842796068,20.307464050501743],[-89.31096991954716,20.291548171042457],[-89.31824175007446,20.290910680764696],[-89.31959633913529,20.2814076607466],[-89.29830998020653,20.2792092311026],[-89.2991140897596,20.259989860884115],[-89.30877721973394,20.260117080708525],[-89.31147954031847,20.253236581354262],[-89.33210854924592,20.23067606383782],[-89.3355060304692,20.221361199840207],[-89.34602460022451,20.21880162033745],[-89.35313694039353,20.22299922026447],[-89.35953008025045,20.217918850013227],[-89.37124910982541,20.196919139719054],[-89.37220754886744,20.18394286097538],[-89.37675479983244,20.1818850211692],[-89.40150627936637,20.183161289680147],[-89.40265221948172,20.171717429772833],[-89.41524746034428,20.17427360101885],[-89.42176985025364,20.15979728015162],[-89.4138252197936,20.157119800250012],[-89.41333373868179,20.149200860018688],[-89.40370099868183,20.14412677018942],[-89.38585622941467,20.14031311060133],[-89.3840880892439,20.135037620303976],[-89.36719983027571,20.13503260131406],[-89.3652516294881,20.110182110653703],[-89.37678327876914,20.104079849516456],[-89.39778727876387,20.107943220219525],[-89.39981378036214,20.123675950487975],[-89.40835482917953,20.123763430235453],[-89.40782717936035,20.13659430991279],[-89.41798765866675,20.13840635086355],[-89.42344645993582,20.12443372013948],[-89.41280057891737,20.11520995013235],[-89.42245976910893,20.109985431021762],[-89.42495931901313,20.085956579829404],[-89.3954927698511,20.075873309968898],[-89.39445034048781,20.062646089654915],[-89.36930134041349,20.057439629832228],[-89.37099638034923,20.029174980281205],[-89.38335388990342,20.024818860876504],[-89.39472481993859,20.02675258061885],[-89.4139039495007,20.02596994123576],[-89.41948228879427,20.03060891956832],[-89.50418936958087,20.038551219596457],[-89.50547141978653,20.02723815088738],[-89.52831578018127,20.012495320396912],[-89.53708484972967,20.000487600547878],[-89.57957082975021,19.935971309980566],[-89.58681033884062,19.920460029702],[-89.5874997497311,19.87442005000339],[-89.57742985999175,19.853508860072306],[-89.53613008963865,19.797458030418355],[-89.52567236987552,19.77555464987907],[-89.47590946040008,19.771220200396463],[-89.47914943037391,19.74064555024438],[-89.49166182035015,19.742228450175276],[-89.47722008016918,19.71105495023071],[-89.46829548026093,19.70016129012699],[-89.44811299968195,19.69835350977729],[-89.41247851961634,19.649376289624566],[-89.2965618203677,19.55117408977388],[-89.21955657037815,19.608022249810997],[-89.22286874032453,19.63665697016855],[-89.19024962970632,19.633317739977265],[-89.18920314032934,19.64400594044924],[-89.14486168990781,19.63739871979898],[-89.14952065046502,19.581249339716106],[-89.10902446025713,19.58234938029548],[-89.10839167990413,19.612338490238457],[-89.13364060038347,19.614632029676976],[-89.12339851990983,19.7034241497048],[-89.07421268986266,19.694194110276996],[-89.07285891046432,19.708565489922652],[-89.08011390968115,19.73101888036769],[-89.10321894971806,19.733924779855215],[-89.10231578029003,19.74533447961428],[-89.09709184959675,19.751489400358164],[-89.11308165970561,19.757598570208685],[-89.11166878026863,19.766577520428253],[-89.12407277957035,19.77008638039275],[-89.13385159952539,19.777491140209875],[-89.1461781702549,19.781472600262468],[-89.13691500032411,19.83019336977869],[-89.14656174959515,19.830095000334182],[-89.14497008007358,19.85071951029905],[-89.12203085973835,19.847580980301416],[-89.11548014994011,19.885686180278764],[-89.10526121954351,19.925111340219953],[-89.103892200315,19.938534540095777],[-89.1150240501929,19.939094079870586],[-89.11512851973706,19.96237327968785],[-89.13135845974018,19.967142200209608],[-89.12736382984151,19.998711050019242],[-89.11385950951829,19.99931197008821],[-89.11353607992426,20.012755280229722],[-89.14100576980151,20.02008377965321],[-89.1430413699994,20.036823339897186],[-89.13231698007004,20.0500089102272],[-89.1255619696322,20.082613799518203],[-89.13541981987076,20.089207680083774],[-89.13869282009179,20.082124349661072],[-89.15057171956622,20.087252379767282],[-89.14329278035083,20.099048680356255],[-89.15930748957213,20.111957349996377],[-89.14724009018535,20.138515370337466],[-89.14176577038774,20.143149229599462]]]}},{"type":"Feature","properties":{"nombre":"Tekit","NOMGEO":"Tekit","CVEGEO":"31080"},"geometry":{"type":"Polygon","coordinates":[[[-89.14790480039746,20.555831489954713],[-89.15406117910439,20.569096739973837],[-89.14433076912904,20.576940599505786],[-89.15737016912085,20.605726400404684],[-89.19199891991302,20.606121570489844],[-89.19558845864057,20.597995719734907],[-89.20659991943486,20.602561981293142],[-89.20475234979735,20.62452702965636],[-89.21171839995739,20.6250316603798],[-89.21040474011086,20.638380830585323],[-89.23645215027946,20.638638180553624],[-89.24516158006217,20.642116889749698],[-89.26010096965419,20.640870801273444],[-89.26008562029045,20.649264830333053],[-89.29232068931576,20.650821090561067],[-89.29128354955627,20.634088279633588],[-89.30866623021464,20.632044290873488],[-89.30564877992396,20.618464580478644],[-89.32706905905052,20.624548740345585],[-89.32295554923414,20.60825951997306],[-89.34640814990182,20.60914788023814],[-89.35384202926657,20.61400395114343],[-89.37108633885842,20.596914480377407],[-89.37452910883091,20.590897951177904],[-89.39597453968912,20.579079889904392],[-89.39700299978315,20.572134579943416],[-89.39658322965211,20.561661219812862],[-89.38608570966831,20.536645939823615],[-89.37293596991161,20.53550406034562],[-89.37789031959306,20.52058232015016],[-89.34933788012485,20.519843599631333],[-89.34818540006361,20.529843550169524],[-89.33992070878678,20.52983165006422],[-89.3401550603265,20.528805229630873],[-89.34005312347149,20.528776769130374],[-89.33869722016192,20.52845631975093],[-89.33872323002696,20.528284739730474],[-89.33878346011379,20.527785939985968],[-89.33885169021495,20.527275510241626],[-89.33892214033656,20.526748740197323],[-89.33843408033435,20.52624687966383],[-89.33801948938917,20.525776720763737],[-89.33991708958976,20.51763537954234],[-89.33110806016668,20.488078170379865],[-89.30792893977386,20.48584568037149],[-89.29945080031379,20.516717400223932],[-89.29033831001657,20.5201094203993],[-89.28874542046933,20.52986991959072],[-89.27084548025371,20.521173319783134],[-89.23683550983748,20.51680919978821],[-89.2251667799251,20.51749928985049],[-89.23075862021554,20.50534634045285],[-89.21402842020876,20.50539348019807],[-89.1857486495838,20.515470229636986],[-89.1795259800181,20.526454140002656],[-89.18288032041583,20.543988169901922],[-89.17169765990141,20.55986725959788],[-89.14790480039746,20.555831489954713]]]}},{"type":"Feature","properties":{"nombre":"Tekom","NOMGEO":"Tekom","CVEGEO":"31081"},"geometry":{"type":"Polygon","coordinates":[[[-88.25304918029472,20.56127901986003],[-88.23739893938476,20.582344351139394],[-88.23562403042683,20.59427554024169],[-88.24439805930535,20.59977486118472],[-88.2407291692982,20.620895019501678],[-88.2442993676765,20.626993411573032],[-88.26958971617479,20.626156021731465],[-88.28231623027438,20.61118648980982],[-88.29134019970661,20.612023629986382],[-88.29032302987731,20.598129170376854],[-88.32973677963959,20.597119540312807],[-88.32698887863403,20.589118849944413],[-88.34290443025733,20.588026460264352],[-88.36165148958587,20.56607209035701],[-88.36246467920118,20.54661534992925],[-88.37120609006232,20.54297954994909],[-88.38154674033044,20.544850820072515],[-88.38749697827578,20.536105939586985],[-88.39807656905322,20.532311799598467],[-88.42359445014887,20.532061999959282],[-88.44183225039893,20.534424430024576],[-88.45316414026925,20.525819569983785],[-88.45797963018242,20.51570631991621],[-88.44877871976739,20.51280834005584],[-88.4502140299111,20.49133371034862],[-88.47157687975691,20.49388071954968],[-88.51764141974014,20.469588290206186],[-88.52245175006522,20.44859415036412],[-88.52860508048609,20.404900419749787],[-88.51786142047213,20.416239259991674],[-88.44955745978443,20.403948619589002],[-88.42970856981368,20.39644140020893],[-88.40292676956594,20.374136290265255],[-88.39722598033732,20.391225199830334],[-88.3824842000028,20.408590820398977],[-88.37985801967052,20.429459379861495],[-88.38253676974469,20.433110519551146],[-88.38012421967755,20.45937956997083],[-88.36962094981268,20.458742140004315],[-88.37548830965747,20.47991888037576],[-88.3690280001167,20.48849072021786],[-88.35357447973806,20.484978680320328],[-88.3523139796513,20.474379549974277],[-88.34038303048952,20.469969659608584],[-88.33654617040672,20.481908549778225],[-88.35194511018624,20.487010820019865],[-88.33299382993856,20.502048399899692],[-88.32767830999444,20.51457892030956],[-88.32924511027835,20.521515289758806],[-88.31810957982599,20.5320634597569],[-88.31750336957147,20.544084919919197],[-88.32762491025541,20.546145540049398],[-88.32530165971772,20.563311770003796],[-88.31677476979094,20.56102006002715],[-88.29823163017814,20.56395933975096],[-88.2895943202571,20.559200339676917],[-88.28098900006735,20.571740030321568],[-88.27610452021278,20.5580457397532],[-88.26763294044488,20.563682430118902],[-88.25304918029472,20.56127901986003]]]}},{"type":"Feature","properties":{"nombre":"Telchac Pueblo","NOMGEO":"Telchac Pueblo","CVEGEO":"31082"},"geometry":{"type":"Polygon","coordinates":[[[-89.21914417995191,21.184472279783172],[-89.23108205969892,21.191739659794326],[-89.23463843027244,21.21290874021197],[-89.24617208999379,21.243249660076135],[-89.21932218017548,21.262794829700617],[-89.22785035040549,21.270334490227885],[-89.24723719961172,21.276010880386643],[-89.25539267964548,21.272252950122468],[-89.26617049027507,21.274504630321385],[-89.27055266010184,21.264619050394955],[-89.27819059960088,21.263577830284827],[-89.28582279967968,21.252465340305104],[-89.28636213966738,21.24321648962616],[-89.26922113979487,21.237879780298467],[-89.27163530955649,21.213720460316775],[-89.29211962979447,21.213555909629317],[-89.28695924961968,21.206215830299854],[-89.28868271958025,21.18960317955585],[-89.28557240005637,21.17893177042481],[-89.29223359965195,21.171980220228956],[-89.25192922958034,21.167455710240272],[-89.24737240012728,21.174650420088728],[-89.23939757035252,21.17515825968184],[-89.23327700020265,21.182674019699448],[-89.22574251992083,21.178380170322406],[-89.23774802045129,21.16283292032479],[-89.2193990200003,21.1620425798161],[-89.21914417995191,21.184472279783172]]]}},{"type":"Feature","properties":{"nombre":"Telchac Puerto","NOMGEO":"Telchac Puerto","CVEGEO":"31083"},"geometry":{"type":"Polygon","coordinates":[[[-89.24723719961172,21.276010880386643],[-89.24659427993018,21.281032780181853],[-89.2653977196274,21.283129349859493],[-89.26399034988864,21.300174660357907],[-89.22984402954638,21.295766600268134],[-89.2300479203524,21.312564829781827],[-89.22588772033149,21.348196630357897],[-89.28872520027429,21.342175121894957],[-89.30646739921559,21.342610619961757],[-89.32276904983189,21.338616339592754],[-89.32704077010388,21.3348903502189],[-89.32107808023092,21.32267348037016],[-89.32496982016809,21.292217310392175],[-89.32079002017457,21.279025419909956],[-89.29880454997114,21.2784140899377],[-89.26617049027507,21.274504630321385],[-89.25539267964548,21.272252950122468],[-89.24723719961172,21.276010880386643]]]}},{"type":"Feature","properties":{"nombre":"Temax","NOMGEO":"Temax","CVEGEO":"31084"},"geometry":{"type":"Polygon","coordinates":[[[-88.80219405969717,21.290991289769956],[-88.82236693843801,21.28997894942079],[-88.87070239868683,21.294878679834607],[-88.87640911887388,21.2612418298146],[-88.88093976993622,21.245774080620468],[-88.88378115007343,21.222804920183588],[-88.90314916998007,21.228044490297062],[-88.9062448182005,21.240665220852573],[-88.91638752004077,21.235574431221266],[-88.93082145851008,21.236772751188646],[-88.93432288907526,21.219023379807727],[-88.95736087987062,21.21865651972834],[-88.9604613186213,21.19722487972455],[-88.98511370949647,21.20032690990898],[-89.00015007992577,21.199163539907733],[-89.00101005941518,21.17353838071914],[-89.01094787943707,21.16275692081358],[-89.01161281884718,21.14584712024354],[-88.99433741977248,21.14602086040736],[-88.99351194988348,21.140575819925843],[-88.99025296891878,21.117293370655588],[-88.98312928997753,21.118051261107357],[-88.98022147154252,21.127622874466965],[-88.98018329360904,21.12762776884859],[-88.98402056900703,21.143003310146966],[-88.97310082914939,21.14245335111713],[-88.97133582971144,21.133371230554623],[-88.94987702986032,21.12264351020545],[-88.94966284976323,21.110900880179624],[-88.93944187958658,21.099819621205757],[-88.95166364929906,21.092221059565087],[-88.96456691911797,21.09150694947955],[-88.96622849008098,21.083268650475322],[-88.98014128980627,21.079476980200084],[-88.97574231023205,21.056323740569464],[-88.96006376966832,21.051302660094986],[-88.95740262037181,21.079033711152658],[-88.94590048892647,21.078294220096517],[-88.93905493848024,21.064038851228695],[-88.92008034954254,21.061662690784512],[-88.91787436962876,21.070745351127023],[-88.91041855029434,21.080459659600358],[-88.89183110982856,21.078222920984675],[-88.89207316883474,21.097477680792764],[-88.90461617958276,21.106405920751236],[-88.91397245875591,21.107604000744455],[-88.92283959891523,21.11537963056548],[-88.91862941892848,21.128494219791794],[-88.91218241929651,21.137223050639793],[-88.90118842854932,21.1316585105504],[-88.89960891983903,21.145770909632965],[-88.86431333873408,21.142442060159755],[-88.8577313395704,21.130147690499417],[-88.83284644897863,21.12741125045938],[-88.83409137006643,21.11718068060924],[-88.80869350906589,21.113484879726368],[-88.80792385894941,21.100643580997758],[-88.77973659872588,21.10576532043018],[-88.76283856886477,21.102725050214747],[-88.7588016790546,21.074803250301763],[-88.74284859878509,21.07408170956337],[-88.73632079891722,21.06939422961606],[-88.72632550876335,21.0721874912364],[-88.70993102006113,21.071929780285334],[-88.7061024902749,21.0809843698516],[-88.69765503037027,21.11193208970541],[-88.73625050883976,21.11600625956137],[-88.75758477980003,21.121006799943334],[-88.7546351796676,21.143711601210786],[-88.79787121976833,21.13967600087329],[-88.79654583032352,21.154218941323904],[-88.81621510919976,21.157077059676773],[-88.81422322876746,21.16400479959086],[-88.79785887870432,21.160437150100456],[-88.77911943025575,21.16210822046391],[-88.77683877878174,21.182280660149708],[-88.81648670880395,21.184637449556668],[-88.81955487988998,21.21602675030925],[-88.83364691975363,21.207965850084314],[-88.8321940186902,21.230862910364316],[-88.8511258787513,21.24037639993815],[-88.84905744894084,21.249605050154006],[-88.83346945006201,21.247633029861813],[-88.82859301917797,21.24699403938997],[-88.82829520331671,21.248192039148737],[-88.82801037022791,21.249508421259037],[-88.82747130984752,21.25158506066587],[-88.82655905933213,21.25131423052357],[-88.82347705390283,21.250538663235766],[-88.82342615116758,21.25052791256134],[-88.80504804922035,21.249336630270914],[-88.8008292189396,21.2764677103919],[-88.80219405969717,21.290991289769956]]]}},{"type":"Feature","properties":{"nombre":"Temozón","NOMGEO":"Temozón","CVEGEO":"31085"},"geometry":{"type":"Polygon","coordinates":[[[-87.82609087991577,20.98169405014148],[-87.84702652016112,20.990123939907733],[-87.86326812045371,20.989543749862626],[-87.87468697956717,20.997333370278998],[-87.88449761988959,20.999195520221004],[-87.89700434014314,21.00971917003039],[-87.89982306619417,21.006523842514184],[-87.90067011668538,21.00556359802927],[-87.90132554745392,21.004929787639345],[-87.91090257962881,20.997520749735266],[-87.93045947980873,20.99407228975166],[-87.94832616999203,20.999784779935126],[-87.95805013955969,21.006719019661062],[-87.9716384902242,21.00620454022801],[-88.00168765959376,21.012324080108854],[-88.00990983003133,21.010100709815983],[-87.99914241959716,20.984832660217037],[-88.01796453975962,20.990651399555436],[-88.02247137015603,20.994802449847906],[-88.04269318026226,21.001824399928825],[-88.0481668498334,21.000302749696804],[-88.04465794035607,20.980250310043157],[-88.04973940016721,20.972299429721716],[-88.04706898023109,20.9585033096168],[-88.0546191202691,20.95575572017768],[-88.0620661694961,20.92486948031032],[-88.08834271037345,20.92873518017338],[-88.09036405994931,20.908889399927137],[-88.09813894982248,20.909398019746877],[-88.09851958000888,20.92415357998685],[-88.09122214015143,20.943192429977504],[-88.09092378025994,20.956816510413837],[-88.10391639965063,20.956371599633137],[-88.10333689021954,20.941661489749414],[-88.1162545197284,20.943279169535888],[-88.12586946039741,20.950794276927464],[-88.12737778005013,20.964101279761923],[-88.1652482003541,20.9692399497729],[-88.17128414032997,20.95966570970614],[-88.19723937953079,20.963501710317445],[-88.19824246007991,20.963913419810595],[-88.19913380000341,20.964353939856217],[-88.19904174950968,20.962832230224944],[-88.19810202974074,20.959883619803954],[-88.19736514976258,20.952262230510172],[-88.18872787951678,20.9340016801468],[-88.18551862927865,20.932318539521486],[-88.18378660019877,20.93174615135975],[-88.18267611886331,20.931488230564696],[-88.18312288904767,20.930787379869884],[-88.18503095041162,20.92956189059759],[-88.1867116504548,20.92930851997272],[-88.19495185015933,20.926233510238383],[-88.20333164860462,20.929622250807146],[-88.21839750897368,20.922430949556038],[-88.23050547943922,20.946800741132293],[-88.23799937891707,20.955271170494825],[-88.24379384968965,20.948266890302556],[-88.24464261848362,20.943726150702435],[-88.24482121966065,20.941618710683258],[-88.2448535503152,20.94086580001523],[-88.24421004947986,20.936741090101535],[-88.24228248874519,20.93061038048499],[-88.24240864926983,20.92851105006044],[-88.24226419924803,20.927790140967105],[-88.2420601402155,20.92698613967753],[-88.2424857399105,20.92644078120203],[-88.24344494908665,20.923318169691484],[-88.25097704852338,20.92527912047368],[-88.25451808985024,20.92354714133057],[-88.25755756987621,20.924105851286598],[-88.26106924885863,20.924129000041155],[-88.26149403002897,20.919626520048507],[-88.26568896955172,20.906707090228522],[-88.26415728914868,20.892443350400807],[-88.26739305031303,20.876957850901633],[-88.28137114925545,20.87638709044981],[-88.28718005958287,20.87018449075417],[-88.28629182011517,20.861760970027486],[-88.3013156596352,20.86308211965066],[-88.29889379974928,20.851631799640337],[-88.27972064998498,20.849253909587443],[-88.278565980184,20.842988250741737],[-88.28099688938251,20.829407550140363],[-88.26660085952325,20.82418659966382],[-88.26255130909148,20.802129450190098],[-88.24392085959889,20.7961351502785],[-88.24150576913992,20.78202963081087],[-88.22756196967437,20.779585889871065],[-88.21992411899419,20.788357320852967],[-88.20468411949359,20.782835089561768],[-88.19825485964803,20.78498188976589],[-88.18552348980984,20.781375219779072],[-88.17831562036497,20.783420830606516],[-88.16701589023057,20.777673179946206],[-88.16584257005422,20.78870826091488],[-88.14796287888062,20.789644580814116],[-88.13000282012169,20.785037709874523],[-88.12334791876064,20.780106149807335],[-88.10464808871018,20.781039940706172],[-88.10527697938582,20.789500830267883],[-88.10066522868671,20.801811970313203],[-88.10539237017238,20.807362541012736],[-88.1014539189916,20.819194200537734],[-88.0873916803415,20.81850588128404],[-88.07909025882999,20.838223489573593],[-88.0694236504325,20.831863370354792],[-88.05785886036291,20.81766995037616],[-88.04260789005475,20.82135783022772],[-88.03932757882913,20.829221061256973],[-88.02110705887934,20.83084490969779],[-88.01458744974359,20.855528170918454],[-88.0166367700765,20.868238200812034],[-88.00702859983632,20.8681343996199],[-88.008271749258,20.87977300096403],[-87.97277513949962,20.879663709818463],[-87.97617078036912,20.86545052104508],[-87.95140774959927,20.86222741974017],[-87.95724216998182,20.847629740046095],[-87.93418143029346,20.840458430833504],[-87.92659500016768,20.873322229667146],[-87.8928135688219,20.867795579930046],[-87.89333504992581,20.880648000474338],[-87.87413708004105,20.90042526053572],[-87.86287348001413,20.90272955023988],[-87.83235991947996,20.902948750886164],[-87.83220837889577,20.925129280441677],[-87.81995593887878,20.949564420822092],[-87.82609087991577,20.98169405014148]]]}},{"type":"Feature","properties":{"nombre":"Tepakán","NOMGEO":"Tepakán","CVEGEO":"31086"},"geometry":{"type":"Polygon","coordinates":[[[-88.96006376966832,21.051302660094986],[-88.97574231023205,21.056323740569464],[-88.98014128980627,21.079476980200084],[-88.96622849008098,21.083268650475322],[-88.96456691911797,21.09150694947955],[-88.95166364929906,21.092221059565087],[-88.93944187958658,21.099819621205757],[-88.94966284976323,21.110900880179624],[-88.94987702986032,21.12264351020545],[-88.97133582971144,21.133371230554623],[-88.97310082914939,21.14245335111713],[-88.98402056900703,21.143003310146966],[-88.98018329360904,21.12762776884859],[-88.98022147154252,21.127622874466965],[-88.98312928997753,21.118051261107357],[-88.99025296891878,21.117293370655588],[-88.99351194988348,21.140575819925843],[-89.01737360031927,21.136089830449368],[-89.01869147973795,21.107260970006013],[-89.03447366021793,21.108701310398256],[-89.03395132006726,21.094710820368544],[-89.04029484974082,21.092658060425794],[-89.04321867984869,21.074039149810694],[-89.05644922040132,21.068176349985237],[-89.05348924978091,21.06190305994622],[-89.05505565969835,21.04854899961813],[-89.0500857496502,21.03330588960111],[-89.04281897035418,21.032420859616114],[-89.0423282602156,21.01352274981149],[-89.02303488049165,21.012681619737066],[-89.01628805001972,21.0044668603509],[-88.99762798031172,21.00130654970186],[-88.99590189033535,20.98647145017699],[-88.98096468011356,20.986350420106326],[-88.97714812024826,20.99931947971255],[-88.97715610972796,21.01538394962661],[-88.990226819931,21.017030319544133],[-88.98925689024831,21.02865571957233],[-88.97925457975916,21.026746060422575],[-88.97683311033565,21.036265249802742],[-88.96343619999494,21.045479709876968],[-88.96006376966832,21.051302660094986]]]}},{"type":"Feature","properties":{"nombre":"Tetiz","NOMGEO":"Tetiz","CVEGEO":"31087"},"geometry":{"type":"Polygon","coordinates":[[[-89.89303781988416,20.944501779665547],[-89.88522343048987,20.95341251966186],[-89.8826833800347,20.962456420019585],[-89.875926290003,20.964192309707396],[-89.87557293962081,20.985806149538714],[-89.8936233101713,20.9977760499871],[-89.91019415044117,20.98393648044956],[-89.93391633966358,20.986739019645597],[-89.93029676952906,21.005529509968685],[-89.99921840029067,21.0299484898837],[-90.02431230991606,21.025107709947278],[-90.02946472001669,21.027552599944205],[-90.03777138010788,20.997243479558254],[-90.04520505001507,20.99886531015598],[-90.07583027998251,20.995138539587593],[-90.07783434044168,21.009182170064705],[-90.10479517044689,21.0100879399548],[-90.11450022994693,20.985968399693338],[-90.13750368993503,20.986955970151936],[-90.13690934974248,20.99609240004159],[-90.14645411018407,20.996336969565384],[-90.14710177971646,20.987419800227382],[-90.17696534994198,20.988827780336596],[-90.17757610971928,20.973425999775774],[-90.20245257036787,20.976841569972365],[-90.21249257011611,20.968315909933562],[-90.2251697696924,20.947166879923287],[-90.23782211980966,20.930758719872184],[-90.21536150997302,20.92767624966165],[-90.2278317099958,20.907391739572965],[-90.20922004954957,20.9048080300738],[-90.11923962005868,20.89461630976369],[-90.0910966298169,20.893200630434976],[-90.0896866202969,20.91156467991155],[-90.05406748039432,20.91183474975905],[-90.05257447969358,20.917112249970927],[-90.02321025997665,20.918354290120583],[-90.02982285958389,20.883706000184837],[-90.02246549012351,20.88271928021292],[-90.0191931202447,20.89716933998561],[-90.00337540024775,20.894267579647593],[-89.97601512036472,20.908110220063538],[-89.97741922957161,20.928792119835325],[-89.99570399994843,20.934149549976848],[-89.99206808044293,20.940989090062025],[-89.97153662986847,20.94202035039211],[-89.96975048982037,20.95012457013832],[-89.95363211005326,20.948210169822207],[-89.91048265037469,20.936578850336943],[-89.90364307966142,20.93359380024727],[-89.90740842030587,20.923814420153935],[-89.89529968048157,20.925728909795975],[-89.89303781988416,20.944501779665547]]]}},{"type":"Feature","properties":{"nombre":"Teya","NOMGEO":"Teya","CVEGEO":"31088"},"geometry":{"type":"Polygon","coordinates":[[[-89.03447366021793,21.108701310398256],[-89.03341888038945,21.121121119681273],[-89.04285611992574,21.127100480371023],[-89.07581525023701,21.12608694972676],[-89.0770924804168,21.111918489915695],[-89.09405015023857,21.113054400472507],[-89.09676101962653,21.126646709871185],[-89.11206340007342,21.12706803045113],[-89.11589491970841,21.1131980196072],[-89.10357729002234,21.111883149642807],[-89.10407624997556,21.104757690379028],[-89.0900411097505,21.1038740602801],[-89.08517848044067,21.08818371995948],[-89.09040534962298,21.08424826020067],[-89.11535814985521,21.089024510255566],[-89.11892867972651,21.07253047987343],[-89.10231376973282,21.064173380387775],[-89.10333701954143,21.05474326035386],[-89.10308980018115,21.04130937965884],[-89.07620464970624,21.030347969963458],[-89.05972680027841,21.007900920396935],[-89.05301242992195,20.995740419843564],[-89.04172278015068,20.999023450024463],[-89.02938832032119,20.99510219982835],[-89.01235377985797,20.992467919915395],[-88.99590189033535,20.98647145017699],[-88.99762798031172,21.00130654970186],[-89.01628805001972,21.0044668603509],[-89.02303488049165,21.012681619737066],[-89.0423282602156,21.01352274981149],[-89.04281897035418,21.032420859616114],[-89.0500857496502,21.03330588960111],[-89.05505565969835,21.04854899961813],[-89.05348924978091,21.06190305994622],[-89.05644922040132,21.068176349985237],[-89.04321867984869,21.074039149810694],[-89.04029484974082,21.092658060425794],[-89.03395132006726,21.094710820368544],[-89.03447366021793,21.108701310398256]]]}},{"type":"Feature","properties":{"nombre":"Ticul","NOMGEO":"Ticul","CVEGEO":"31089"},"geometry":{"type":"Polygon","coordinates":[[[-89.49398303011755,20.431415139596005],[-89.49381334014862,20.43912385108438],[-89.50410976944164,20.442372509970102],[-89.4986612840874,20.46648890956726],[-89.50320215450638,20.47549128411355],[-89.52627119884697,20.48330646100105],[-89.54024285928956,20.475706151807497],[-89.54250244905872,20.457409541849252],[-89.57895548926518,20.46023957141319],[-89.58429036931098,20.432334711110038],[-89.57753884821763,20.423942861602203],[-89.55835254335264,20.41541108226049],[-89.56427388868897,20.4021800306422],[-89.57760539835179,20.409669631749203],[-89.57906782766969,20.420889090486178],[-89.59506041854073,20.42587885214253],[-89.59911024835326,20.421742400987014],[-89.61388691901344,20.429612890564897],[-89.62923204875383,20.424963000561476],[-89.63419515023591,20.4129872297124],[-89.62763746025291,20.40076933964837],[-89.67777044914578,20.41392283038493],[-89.69469065900512,20.385535291074476],[-89.72048590976057,20.393430711294496],[-89.72840365873846,20.348723479639293],[-89.72411892028683,20.354273381182654],[-89.70983021894853,20.357628490548006],[-89.67302748897129,20.3458273406024],[-89.68210454922696,20.37361143032407],[-89.65686944867177,20.37128988966048],[-89.65604578036842,20.362188919753788],[-89.64318741949313,20.360823770465775],[-89.64172804867188,20.34820528000221],[-89.63475871876108,20.350215720492393],[-89.62253974967555,20.36760457103648],[-89.61845367959026,20.363150029988095],[-89.59724868008675,20.35396002092154],[-89.60388036938376,20.347344450085878],[-89.60246625037985,20.325309480211555],[-89.6161802285542,20.30366377027054],[-89.61768785036287,20.287986449617204],[-89.59782865898764,20.287466290314303],[-89.5938395201099,20.284039780421484],[-89.60149759961377,20.273122819587215],[-89.57886124907152,20.267988351201307],[-89.53991088860172,20.2650015206151],[-89.5416513999972,20.249686109937823],[-89.50724053927891,20.246506109527235],[-89.50482562884297,20.26116213986871],[-89.47971482865232,20.25716606099233],[-89.47249965863493,20.290384600560785],[-89.50383042021375,20.308553000290996],[-89.51967776865048,20.312082830292688],[-89.51886193939139,20.32860503044161],[-89.52453250956701,20.34276193985519],[-89.48250094941375,20.31836409092617],[-89.48559917909118,20.30763425958792],[-89.46859221887958,20.30252134066134],[-89.4440554587951,20.315834140862133],[-89.44600934897058,20.321141370472297],[-89.43639628015748,20.33130231095393],[-89.44002191022004,20.347747650303592],[-89.45637961977857,20.35819598123105],[-89.46841794011337,20.33584568974692],[-89.47591752025856,20.34104948111903],[-89.48080037035052,20.35293451972039],[-89.49165792032557,20.361544489741686],[-89.48320402994958,20.375421170401285],[-89.48961425978611,20.391417681170015],[-89.50712045911264,20.398059681239396],[-89.50851611896127,20.411582520964078],[-89.49820062881523,20.415710689692506],[-89.49398303011755,20.431415139596005]]]}},{"type":"Feature","properties":{"nombre":"Timucuy","NOMGEO":"Timucuy","CVEGEO":"31090"},"geometry":{"type":"Polygon","coordinates":[[[-89.51699206029069,20.87968368072855],[-89.51630979879597,20.88039840053961],[-89.52733240006992,20.87978165013596],[-89.53007854036358,20.872189690381024],[-89.5305043502623,20.872226350424086],[-89.53452236973628,20.874212450851605],[-89.53636025946828,20.874129020329814],[-89.53657082970633,20.874152339926724],[-89.53813376999221,20.874996289556307],[-89.5398583200137,20.875561619809158],[-89.54212651994285,20.872699119883716],[-89.53781891989632,20.87062467969858],[-89.53355673557212,20.868711655509998],[-89.53355579983946,20.8687112355635],[-89.53353038448475,20.86869982821534],[-89.53352614300495,20.868697924559577],[-89.53359432638675,20.8685627739982],[-89.53389714910512,20.867966001954297],[-89.53390268505662,20.86795509260707],[-89.53513599532658,20.86532848537982],[-89.534484933473,20.864768225114393],[-89.53558551866057,20.85656963056547],[-89.53401180015767,20.8547676907328],[-89.53259504847476,20.853161380892],[-89.52698830964071,20.857443800805175],[-89.52529314909482,20.850572920022447],[-89.54367956992148,20.850903690974903],[-89.54347910942798,20.85041337986747],[-89.53808264922402,20.837478420563592],[-89.57011785876462,20.841460140361363],[-89.58385877896917,20.82270594958133],[-89.5541187098231,20.807791949690444],[-89.55494428953494,20.79907437988585],[-89.56722808884692,20.800210780374606],[-89.564771089453,20.78713560081982],[-89.5790888198214,20.76176046080919],[-89.58582591938182,20.74511203053903],[-89.57594411994484,20.7432776202739],[-89.57751922887928,20.72987640090289],[-89.58713271960534,20.728193660161796],[-89.57667242957312,20.712096319770424],[-89.56080818002516,20.710464450287628],[-89.56430405998591,20.67974468984126],[-89.55474487957859,20.679269890254695],[-89.55743074969645,20.649962059908397],[-89.56630907986494,20.650986489882637],[-89.56743349011604,20.63982265987011],[-89.54018037969493,20.630844820121652],[-89.53051877003011,20.616986660076307],[-89.51817057926999,20.678099771197235],[-89.49961499960014,20.69555822107312],[-89.52067539961826,20.696372819546898],[-89.5373490795225,20.71436311104166],[-89.5395976889001,20.701597081190073],[-89.55258102930938,20.708875120800368],[-89.55456513925893,20.721917479851193],[-89.55124307888124,20.735887259976774],[-89.57123445970545,20.737079201215472],[-89.5635183989912,20.753753830664436],[-89.57096828880103,20.755910539664818],[-89.56440137040784,20.7765221200098],[-89.55596533995393,20.774266290835534],[-89.55254893877753,20.76642665098944],[-89.54206610972655,20.75791660053054],[-89.51376504947069,20.759537540934588],[-89.50366459864618,20.76377456959469],[-89.50959733964552,20.782481141044542],[-89.49969476949818,20.777373940304543],[-89.48208911018955,20.780809580275356],[-89.48275865018458,20.793561120162337],[-89.48715148954754,20.80148063034088],[-89.48446311029385,20.812270119889785],[-89.49660663004079,20.818163200002278],[-89.4962177195212,20.831369170055908],[-89.50439101962533,20.836873599772314],[-89.50751659958911,20.845386449636287],[-89.49488751970736,20.84999029039492],[-89.49103569021788,20.858359320031127],[-89.50599770985566,20.87821683016231],[-89.50615297036121,20.878222829893996],[-89.51080431978849,20.877278001112888],[-89.51291405991344,20.87707006121712],[-89.5164397390516,20.87654532060574],[-89.51699206029069,20.87968368072855]]]}},{"type":"Feature","properties":{"nombre":"Tinum","NOMGEO":"Tinum","CVEGEO":"31091"},"geometry":{"type":"Polygon","coordinates":[[[-88.41040226003219,20.86003528007602],[-88.4213330495561,20.859177950246895],[-88.42437074019504,20.85292836982312],[-88.43682548043316,20.84854230979685],[-88.425267109555,20.835037090159293],[-88.42823174001764,20.818677619985653],[-88.45294578005203,20.83220293968503],[-88.4631633098197,20.85581542003033],[-88.47752001977979,20.85725165954035],[-88.47716286045981,20.83258534959406],[-88.48571811971337,20.82700280024469],[-88.49288885005772,20.805617509953052],[-88.47680172033711,20.80166991042944],[-88.48671904959728,20.78766501998856],[-88.50150187972946,20.790995290089317],[-88.51392023002776,20.77928191003146],[-88.51811108000838,20.758432550123192],[-88.50247192015374,20.757101779694413],[-88.50739340030935,20.74076645991903],[-88.51945859990937,20.744361080266362],[-88.5387886599039,20.741614799616524],[-88.55344561979823,20.733920450246433],[-88.5712498803666,20.728087219996183],[-88.57669997007929,20.74703144978543],[-88.62624796973424,20.74469459990984],[-88.62197737971371,20.777328630216477],[-88.63639545019049,20.779329969918187],[-88.64351585997075,20.748375149993578],[-88.66641150964492,20.74992495008947],[-88.6688069402319,20.745632520096603],[-88.67749830979403,20.72340468024389],[-88.68752712032779,20.703266649981728],[-88.69644309006055,20.696282689966115],[-88.67096745023915,20.693865150249163],[-88.67190268004481,20.64926574994755],[-88.65259593956151,20.642703030097312],[-88.6554338301503,20.625815309853092],[-88.64767514991905,20.628629199818665],[-88.62524843004181,20.62611459967139],[-88.62495697993995,20.618571400178713],[-88.61444482035958,20.617346910356925],[-88.61196456959782,20.645662369810633],[-88.5925114599549,20.645352250269],[-88.58443502956277,20.638150429753292],[-88.5535629500187,20.638888369781103],[-88.54521033989498,20.635922420060968],[-88.5304874497126,20.638374520078585],[-88.51264733989495,20.6266187995516],[-88.4966211699877,20.621966880077636],[-88.49180300011332,20.643450489619173],[-88.49119036958399,20.656132230243966],[-88.47828757986527,20.659105950313098],[-88.48331927986744,20.647113479946654],[-88.47133023008033,20.64598308009294],[-88.45027989007713,20.64889383037012],[-88.43464611036269,20.642113049768426],[-88.42572557967583,20.646089059863655],[-88.42888249040682,20.653746480279906],[-88.44012210973726,20.669577079963375],[-88.43777062961318,20.68162295035952],[-88.44087415001576,20.687390919970884],[-88.43974874996661,20.707970780432625],[-88.43445603017645,20.71833035024114],[-88.40472131039394,20.709684889883917],[-88.39562284949028,20.702093060322085],[-88.38639388023941,20.713301510126882],[-88.38355553988703,20.733032420247046],[-88.38560334963508,20.741920480319433],[-88.38221369045122,20.76103964998293],[-88.34762363018012,20.759061910293944],[-88.34842031974279,20.77161871038221],[-88.33934551011738,20.76861862038579],[-88.33675970979372,20.776776119604076],[-88.32732380034633,20.78795787975615],[-88.32604358017343,20.798525970275264],[-88.31943454950469,20.809511660256106],[-88.3252471704292,20.8181150602577],[-88.34330650991718,20.819256259575436],[-88.34652025998187,20.836237999966322],[-88.35713165029492,20.838040750351944],[-88.36842174039458,20.833666019817688],[-88.36890442036652,20.812866830265516],[-88.37320604989206,20.802072049740165],[-88.3546720198024,20.799778289956468],[-88.35458171020773,20.789654140457046],[-88.37510212018992,20.79688425959178],[-88.37962226008304,20.788270720206107],[-88.39074686007503,20.787654430390244],[-88.39774237992638,20.80485987975563],[-88.39867674975065,20.830988710139483],[-88.40462384965583,20.8379631402997],[-88.41040226003219,20.86003528007602]]]}},{"type":"Feature","properties":{"nombre":"Tixcacalcupul","NOMGEO":"Tixcacalcupul","CVEGEO":"31092"},"geometry":{"type":"Polygon","coordinates":[[[-88.25304918029472,20.56127901986003],[-88.26763294044488,20.563682430118902],[-88.27610452021278,20.5580457397532],[-88.28098900006735,20.571740030321568],[-88.2895943202571,20.559200339676917],[-88.29823163017814,20.56395933975096],[-88.31677476979094,20.56102006002715],[-88.32530165971772,20.563311770003796],[-88.32762491025541,20.546145540049398],[-88.31750336957147,20.544084919919197],[-88.31810957982599,20.5320634597569],[-88.32924511027835,20.521515289758806],[-88.32767830999444,20.51457892030956],[-88.33299382993856,20.502048399899692],[-88.35194511018624,20.487010820019865],[-88.33654617040672,20.481908549778225],[-88.34038303048952,20.469969659608584],[-88.3523139796513,20.474379549974277],[-88.35357447973806,20.484978680320328],[-88.3690280001167,20.48849072021786],[-88.37548830965747,20.47991888037576],[-88.36962094981268,20.458742140004315],[-88.38012421967755,20.45937956997083],[-88.38253676974469,20.433110519551146],[-88.37985801967052,20.429459379861495],[-88.3824842000028,20.408590820398977],[-88.39722598033732,20.391225199830334],[-88.40292676956594,20.374136290265255],[-88.42970856981368,20.39644140020893],[-88.44955745978443,20.403948619589002],[-88.45644096981145,20.376200539571133],[-88.45932255035362,20.34222377008864],[-88.43022369032218,20.34171618016799],[-88.4228294198436,20.33335868027317],[-88.41430835013846,20.335505660102896],[-88.41348874952621,20.317534110357578],[-88.40629905021098,20.306808689691216],[-88.40974477960481,20.262710819940015],[-88.4091277403704,20.252097319813917],[-88.37080702013647,20.25778967959212],[-88.3519033704311,20.259023060265765],[-88.30878843013963,20.25351003010219],[-88.27296137973372,20.269931280182586],[-88.2668149495918,20.269120319854956],[-88.2646342000825,20.290342029583332],[-88.2326694794699,20.290178911128464],[-88.23309305863582,20.31805723116827],[-88.23564427970233,20.347220200510797],[-88.2341141803742,20.359614799824868],[-88.24906622991195,20.358689940655168],[-88.25179287861017,20.37960606079965],[-88.25839301936918,20.393430379904704],[-88.25920023034287,20.406715309783916],[-88.26571824988913,20.417881061080003],[-88.25933433961782,20.435454480129195],[-88.26036905953188,20.446128690793],[-88.26849781894103,20.446840449768775],[-88.27162736853074,20.46389908079344],[-88.2577526592185,20.460203340309796],[-88.25165541925557,20.47180714992742],[-88.2248969485638,20.458072510187645],[-88.2269102000969,20.467109940273875],[-88.22490287906437,20.495587879914602],[-88.2204319699223,20.51590248068205],[-88.22300430978568,20.523290279648137],[-88.24350794977241,20.527271381163036],[-88.24985125014406,20.53454157129669],[-88.25283742919264,20.54549542988277],[-88.25304918029472,20.56127901986003]]]}},{"type":"Feature","properties":{"nombre":"Tixkokob","NOMGEO":"Tixkokob","CVEGEO":"31093"},"geometry":{"type":"Polygon","coordinates":[[[-89.34097307198957,21.00062981617263],[-89.35207920030186,20.99812894009159],[-89.35214026038064,21.009201890096573],[-89.34283279993087,21.009479340203963],[-89.33720694040323,21.019842799748414],[-89.35229469014229,21.019056719776824],[-89.35265751982179,21.036656740107617],[-89.3601464499753,21.041484889598934],[-89.35401228037203,21.056221920445495],[-89.3646041500283,21.058721740049435],[-89.37150277952806,21.047564150304886],[-89.3823620201193,21.044628169609382],[-89.39973217012756,21.033992349741183],[-89.40725618008231,21.03307677995469],[-89.41510459953373,21.040240970248277],[-89.42390651013427,21.033491050197018],[-89.43108182006753,21.039272619619734],[-89.45223546039018,21.037160660152832],[-89.46029594014504,21.02328221974332],[-89.4664892002454,21.022740740036564],[-89.48921244882965,21.019894119528214],[-89.49120327999027,21.011713579913813],[-89.48513411984456,21.004871259668043],[-89.46484027956576,21.000093770406526],[-89.44017099977711,21.003217659704536],[-89.42426142036068,20.998712370053987],[-89.42528250972269,20.96294445007726],[-89.43138628972326,20.95445136971864],[-89.41937428977782,20.94377526036345],[-89.41233371975858,20.948268799869062],[-89.39517434044392,20.938249289948974],[-89.41044897974542,20.932400780080393],[-89.42874014017637,20.93616040039367],[-89.43433190962347,20.929302620208173],[-89.40448685019308,20.91962835010255],[-89.37552077027895,20.89856533958071],[-89.37380001959998,20.904782400182338],[-89.38182476970528,20.91533968003277],[-89.38250852045505,20.942666029733164],[-89.37526336958788,20.940480579941077],[-89.37131374036016,20.924207569784862],[-89.36461789042545,20.923063289784086],[-89.36407305997271,20.90019727981184],[-89.34492512031242,20.897386250206328],[-89.32701889089161,20.89484359444473],[-89.32430557953758,20.918511279959432],[-89.32489963020296,20.941361680030244],[-89.32108615027909,20.951612549904056],[-89.3030945102813,20.94267280003553],[-89.30125200930632,20.95242208426221],[-89.30194457004225,20.95249742984915],[-89.3035652807294,20.952662144600698],[-89.30403445266383,20.952913569335458],[-89.3112390502963,20.95549611988976],[-89.31833688957019,20.955406509873495],[-89.317465250253,20.968141680020896],[-89.28963447973292,20.96549369019768],[-89.27975634005287,20.966979080058106],[-89.27286500007662,20.981422369611476],[-89.28781469025323,20.990302520355225],[-89.3020640802003,20.991769479936252],[-89.32568402023537,21.001648320099452],[-89.3251388295535,21.006197399967746],[-89.34030948047587,21.00342327999226],[-89.34097307198957,21.00062981617263]]]}},{"type":"Feature","properties":{"nombre":"Tixmehuac","NOMGEO":"Tixmehuac","CVEGEO":"31094"},"geometry":{"type":"Polygon","coordinates":[[[-89.00318878000188,20.29123471979748],[-89.00508156994196,20.291463720570878],[-89.00158547936368,20.335156971020634],[-89.03428328902716,20.333744691046714],[-89.04318456858371,20.33685822023008],[-89.06679171988459,20.352250019984922],[-89.07613391961678,20.356420289749828],[-89.08189808040775,20.33465637011234],[-89.09121031050911,20.337995339597878],[-89.09758466027642,20.32084311015161],[-89.08224085971331,20.314815799764865],[-89.0876625198333,20.301988249550792],[-89.08557622978988,20.29193841966737],[-89.08860268975772,20.2675530303527],[-89.0845586499733,20.25402805971327],[-89.09633331042457,20.254773739895786],[-89.09638779957851,20.269049550263812],[-89.09258528004226,20.282908090019145],[-89.09941127969788,20.285517249982888],[-89.13074507963294,20.288507060371646],[-89.14834034034915,20.275013539990603],[-89.15990056967445,20.236664420210715],[-89.16690283017617,20.223766659562955],[-89.18708691854755,20.216842150157202],[-89.18908156980783,20.2000590899401],[-89.17855031008175,20.19596129039104],[-89.16580654968831,20.185293650223837],[-89.15641528017687,20.20533697027405],[-89.14874500044198,20.203997830158226],[-89.14818108033812,20.18322105021851],[-89.13832495047052,20.1769629998458],[-89.14176577038774,20.143149229599462],[-89.10640496964616,20.139078913103166],[-89.10266485980333,20.164627350325205],[-89.08676742963728,20.157979969702108],[-89.0777779396894,20.156981429693765],[-89.06957101964454,20.18235951996551],[-89.04259051017236,20.223593090061907],[-89.03617195041272,20.237111979847107],[-89.02532322975279,20.243076139778278],[-89.01356074981277,20.240192309900866],[-89.01911239987511,20.267275309896366],[-89.00626638047966,20.266641449971964],[-89.00318878000188,20.29123471979748]]]}},{"type":"Feature","properties":{"nombre":"Tixpéhual","NOMGEO":"Tixpéhual","CVEGEO":"31095"},"geometry":{"type":"Polygon","coordinates":[[[-89.43433190962347,20.929302620208173],[-89.42874014017637,20.93616040039367],[-89.41044897974542,20.932400780080393],[-89.39517434044392,20.938249289948974],[-89.41233371975858,20.948268799869062],[-89.41937428977782,20.94377526036345],[-89.43138628972326,20.95445136971864],[-89.42528250972269,20.96294445007726],[-89.42426142036068,20.998712370053987],[-89.44017099977711,21.003217659704536],[-89.46484027956576,21.000093770406526],[-89.48513411984456,21.004871259668043],[-89.49120327999027,21.011713579913813],[-89.50027802980732,21.004515170498095],[-89.49783990863365,20.97202863048831],[-89.48185677995977,20.97387995007742],[-89.48012868044289,20.966760179717312],[-89.45717271909825,20.96017398068713],[-89.45804911851769,20.95168908032457],[-89.47224925913872,20.952729601199586],[-89.47947981861061,20.949850880588304],[-89.49064544959441,20.967327320696125],[-89.503871338965,20.972008150915304],[-89.50397159916879,20.981905881168444],[-89.53449656905988,20.981788291021733],[-89.53573962881238,20.972833950527544],[-89.54025118833292,20.964101222110195],[-89.54021814902876,20.963079344316984],[-89.54021543218893,20.962569362739476],[-89.54021273867944,20.96206416976147],[-89.53572954606365,20.961149993110382],[-89.53549944516776,20.961183317106777],[-89.53504730417713,20.96124879790483],[-89.53499619087519,20.96125620024813],[-89.52777841962276,20.962427050007644],[-89.52303961964942,20.963452310249668],[-89.50637868888657,20.964888539851483],[-89.50604287938849,20.96329967971069],[-89.50595605859006,20.96300591090397],[-89.50546504935704,20.960624710778877],[-89.5052911204033,20.959817280206952],[-89.50498447851561,20.95873952083511],[-89.50494220010565,20.958626429958432],[-89.50492208973965,20.958150651297903],[-89.50483488999905,20.957844400270282],[-89.50430714859618,20.955970971082692],[-89.49855801955391,20.956457769591825],[-89.49749664872311,20.952452819953965],[-89.49670405927282,20.94692960048183],[-89.49383878018824,20.941728000703648],[-89.48892008883121,20.942401540508232],[-89.48117834860163,20.939926879735733],[-89.47641785015257,20.939554480913163],[-89.47333003042802,20.939723020139063],[-89.47291924912112,20.936240579922952],[-89.47799034986534,20.932881850254592],[-89.48127177000848,20.92643697954965],[-89.48543494029413,20.925942309818424],[-89.48599901892274,20.921890089554207],[-89.48403677891781,20.917017830427316],[-89.48255939949655,20.916496080010972],[-89.48217399974133,20.91507037960637],[-89.45687117983096,20.90997669039479],[-89.45570807961118,20.91323750975004],[-89.45759036992031,20.916112289573846],[-89.4475782602482,20.931596200460497],[-89.43433190962347,20.929302620208173]]]}},{"type":"Feature","properties":{"nombre":"Tizimín","NOMGEO":"Tizimín","CVEGEO":"31096"},"geometry":{"type":"Polygon","coordinates":[[[-87.578340680163,20.925736660692685],[-87.53314527990847,20.999602139938244],[-87.53401690986144,21.24196037967475],[-87.53491290953012,21.490222449964623],[-87.5468300204383,21.490773749925662],[-87.60422372013102,21.50291924980153],[-87.63523767971148,21.510711150369627],[-87.68629979966163,21.5213349097698],[-87.6972579997059,21.520405879762222],[-87.73836082996975,21.53039085970411],[-87.77990256954479,21.542288319964204],[-87.81844606000477,21.55480786040614],[-87.861578369732,21.571908649825865],[-87.87864619878488,21.56673414952965],[-87.90751168881319,21.567852370991577],[-87.9193396895569,21.558407460596474],[-87.92764867909472,21.557844920675144],[-87.93641272008973,21.563461830428913],[-87.95244554894433,21.56346358062495],[-87.99451891016153,21.568663710264794],[-87.99873082948969,21.545045910458978],[-88.00421325900406,21.533099000298424],[-88.0169286492426,21.531839890391808],[-88.07038165882695,21.535783780027995],[-88.07182599903548,21.53195827981883],[-88.09920677940032,21.532342829695825],[-88.09686250975571,21.523780509828356],[-88.08277043020522,21.525104261343127],[-88.083106660349,21.498704259756995],[-88.09114970894774,21.480254320502343],[-88.08133982967384,21.479291090137576],[-88.08461935020661,21.4634596299429],[-88.07490902915073,21.462450519834775],[-88.07647551866569,21.45010445033309],[-88.07695935004975,21.446270479864378],[-88.07906025943318,21.429718220874836],[-88.07281265930357,21.4266863401016],[-88.07458756976183,21.409842460712305],[-88.0984748503777,21.4115974503887],[-88.1023917395326,21.4043910898997],[-88.1250210802199,21.406919629943456],[-88.1286381197574,21.373563849530836],[-88.11536868991865,21.381723229543088],[-88.10736373968982,21.376446400002344],[-88.11598825028412,21.36619363009],[-88.122434849966,21.36490825985652],[-88.12605665975825,21.35006652032549],[-88.13122494968634,21.34422942020575],[-88.1328126896988,21.325475750246582],[-88.14981732021771,21.31998575037047],[-88.15758594968355,21.32064662012218],[-88.16242571992944,21.299108290414573],[-88.16780294004799,21.30248037982579],[-88.18739371016223,21.304346450381818],[-88.19017494031566,21.294176749669383],[-88.20888017010783,21.297039740449435],[-88.21713453999206,21.288130339751376],[-88.21036821967483,21.28103943023985],[-88.21450889016951,21.254171780298893],[-88.21195554026606,21.24845538025746],[-88.22197001961965,21.24134371965601],[-88.2329450299194,21.244670749795887],[-88.25802764964327,21.236257380322343],[-88.251513370061,21.22489254002462],[-88.24080854014343,21.21429048010002],[-88.27205746023684,21.21676145046372],[-88.2837594604116,21.20208439984155],[-88.27978596980793,21.190348769621785],[-88.27173168992108,21.18187842996736],[-88.25157807938827,21.185811249840693],[-88.24497344973659,21.175794030157757],[-88.24777725913019,21.156330199625263],[-88.26620581899549,21.154798030957927],[-88.26581174986836,21.152386580941],[-88.26589288864128,21.147451380878106],[-88.26641139932616,21.144870520040808],[-88.2663251693191,21.143853890263262],[-88.26413341863548,21.143644260551053],[-88.2575506602322,21.142942079771352],[-88.25041308906546,21.142214881126375],[-88.24995641915257,21.144073860277977],[-88.24891980007534,21.146396350593044],[-88.24863576981805,21.149585830624368],[-88.24315092002547,21.14601895134776],[-88.24302316944512,21.1459358807855],[-88.24314383050067,21.14417519979527],[-88.24226677925652,21.143343600312974],[-88.24004470886014,21.142034029884783],[-88.23867288917431,21.14098336979588],[-88.24029828942496,21.138749490184555],[-88.24458130928957,21.132853079911836],[-88.23557218045441,21.126535459819937],[-88.22927123024196,21.12237995004578],[-88.22973490849785,21.112217170832132],[-88.22889779883964,21.110320180203235],[-88.22875967895322,21.108216140114177],[-88.23285508911603,21.106530690481684],[-88.23576184923718,21.10804828076937],[-88.24016987994577,21.10788437124471],[-88.24165645915176,21.107882949750223],[-88.23977208925051,21.105104060257123],[-88.23982430861908,21.10133226010548],[-88.23766461921764,21.09363920093387],[-88.2375961786996,21.090334379478197],[-88.23899722953725,21.087250450431313],[-88.24033553896636,21.0847506798183],[-88.24141147912037,21.08377491039052],[-88.22354494024455,21.069474769802937],[-88.2190603203838,21.078505459742452],[-88.21689114887681,21.078544619576714],[-88.21587327983556,21.078450249995864],[-88.21493388003326,21.078435769935314],[-88.20533305951398,21.079813200277986],[-88.1828161396404,21.0760897399159],[-88.18313477967834,21.086915109699138],[-88.15031584954087,21.08348715039816],[-88.1514175395295,21.078769480067077],[-88.12965994041947,21.078192179649193],[-88.13171165971629,21.064675079631524],[-88.11234071018072,21.069671570335448],[-88.10872777009767,21.077953170197304],[-88.09795290987078,21.070045659781567],[-88.08777350991954,21.07329148003365],[-88.08369477999314,21.06623677038631],[-88.07248771990373,21.062546079702972],[-88.0490382498067,21.06727478019987],[-88.0468779697798,21.061066340215238],[-88.05181954988198,21.041193860236966],[-88.01640091978152,21.042340290177986],[-88.01649904993951,21.054736380290894],[-88.00427614989701,21.05424192022812],[-88.00372278014821,21.07432880029243],[-87.98218725982717,21.074641920382188],[-87.98538240030858,21.05148560001582],[-88.0000251497807,21.04591080017953],[-87.99360455020542,21.03604492024072],[-87.99456832022766,21.028410150182573],[-88.00851610962735,21.027056510306185],[-88.00990983003133,21.010100709815983],[-88.00168765959376,21.012324080108854],[-87.9716384902242,21.00620454022801],[-87.95805013955969,21.006719019661062],[-87.94832616999203,20.999784779935126],[-87.93045947980873,20.99407228975166],[-87.91090257962881,20.997520749735266],[-87.90132554745392,21.004929787639345],[-87.90067011668538,21.00556359802927],[-87.89982306619417,21.006523842514184],[-87.89700434014314,21.00971917003039],[-87.88449761988959,20.999195520221004],[-87.87468697956717,20.997333370278998],[-87.86326812045371,20.989543749862626],[-87.84702652016112,20.990123939907733],[-87.82609087991577,20.98169405014148],[-87.80073679955144,20.969526020691497],[-87.7884943395586,20.969564689864153],[-87.78730851880594,20.96036985106514],[-87.77755021972513,20.960400219583406],[-87.77756561977456,20.950061430225787],[-87.76989068899782,20.950011229592334],[-87.76981214903098,20.960393721223085],[-87.75098561907548,20.96043748991022],[-87.75382599854177,20.97583251064102],[-87.68908131035019,20.97085399958145],[-87.68658547928521,20.959774259549526],[-87.66626967963892,20.958298350079488],[-87.66323999945126,20.99387280036974],[-87.6250619696339,20.991064980066387],[-87.6246207191638,20.97880068983948],[-87.58268398036101,20.975557630613025],[-87.578340680163,20.925736660692685]]]}},{"type":"Feature","properties":{"nombre":"Tunkás","NOMGEO":"Tunkás","CVEGEO":"31097"},"geometry":{"type":"Polygon","coordinates":[[[-88.66047675024195,20.91365225959098],[-88.66138094916768,20.93711548099848],[-88.66776779970567,20.93782685021603],[-88.66037454986797,20.98313366041965],[-88.70322956901667,20.987689250425095],[-88.70548901875067,21.001829650405263],[-88.70278737995747,21.024497340492882],[-88.7047126490079,21.033183150999218],[-88.71321168964238,21.03962792012408],[-88.71640459904233,21.0226604797812],[-88.73027874992033,21.016887980685624],[-88.74969024911908,21.01946385116987],[-88.76538024993852,21.01875282037308],[-88.76698341866714,21.003650820995777],[-88.7451781092434,21.00337845081055],[-88.74665524899744,20.993565150841118],[-88.7624478900865,20.975076619809908],[-88.77315873906251,20.98179871110399],[-88.77517682981636,20.968182950211848],[-88.80546727921633,20.971212060678447],[-88.80809949034948,20.960027650422948],[-88.82013285972431,20.95236237110293],[-88.82464566001818,20.944237570774195],[-88.83921587995296,20.950387250679462],[-88.84495687880856,20.946589970880936],[-88.85453286017992,20.906229719791824],[-88.830503488689,20.899519679487064],[-88.82220091941554,20.874065880589633],[-88.8297209989184,20.85342525063343],[-88.8432606801958,20.844616090200667],[-88.8471020897715,20.83227362032766],[-88.85246407965319,20.832298910791046],[-88.85724277990697,20.801184200536508],[-88.84014710944761,20.797866430573393],[-88.82966850997673,20.7931382510519],[-88.826078338788,20.81396329062606],[-88.79120114037319,20.81066654985314],[-88.79071042046202,20.796315319896284],[-88.78270045903747,20.795177219506126],[-88.79173082045273,20.780786660031502],[-88.75245271957697,20.779110720625713],[-88.75290271034218,20.759543180276506],[-88.73310799960299,20.770933619985847],[-88.71942736957097,20.763885080410237],[-88.71031531010507,20.753750550221252],[-88.69307385007804,20.75230905973708],[-88.68826988895161,20.763617849736335],[-88.68249568963311,20.790006649882944],[-88.67443368004382,20.79102714133663],[-88.6723118502578,20.808486940399014],[-88.67905150981792,20.80937037077529],[-88.68126951996771,20.823718259921364],[-88.6630634199218,20.82809958035097],[-88.66215807924267,20.85142963104005],[-88.67830009044562,20.86062691964172],[-88.66223598003856,20.898983689641728],[-88.66047675024195,20.91365225959098]]]}},{"type":"Feature","properties":{"nombre":"Tzucacab","NOMGEO":"Tzucacab","CVEGEO":"31098"},"geometry":{"type":"Polygon","coordinates":[[[-88.9929884002403,20.12471572045374],[-89.02967821973141,20.129145349619176],[-89.03863799964368,20.135609259713675],[-89.06863294025148,20.143673110166326],[-89.07275224982287,20.142202619888682],[-89.08860515032444,20.150661740472554],[-89.08676742963728,20.157979969702108],[-89.10266485980333,20.164627350325205],[-89.10640496964616,20.139078913103166],[-89.14176577038774,20.143149229599462],[-89.14724009018535,20.138515370337466],[-89.15930748957213,20.111957349996377],[-89.14329278035083,20.099048680356255],[-89.15057171956622,20.087252379767282],[-89.13869282009179,20.082124349661072],[-89.13541981987076,20.089207680083774],[-89.1255619696322,20.082613799518203],[-89.13231698007004,20.0500089102272],[-89.1430413699994,20.036823339897186],[-89.14100576980151,20.02008377965321],[-89.11353607992426,20.012755280229722],[-89.11385950951829,19.99931197008821],[-89.12736382984151,19.998711050019242],[-89.13135845974018,19.967142200209608],[-89.11512851973706,19.96237327968785],[-89.1150240501929,19.939094079870586],[-89.103892200315,19.938534540095777],[-89.10526121954351,19.925111340219953],[-89.11548014994011,19.885686180278764],[-89.12203085973835,19.847580980301416],[-89.14497008007358,19.85071951029905],[-89.14656174959515,19.830095000334182],[-89.13691500032411,19.83019336977869],[-89.1461781702549,19.781472600262468],[-89.13385159952539,19.777491140209875],[-89.12407277957035,19.77008638039275],[-89.11166878026863,19.766577520428253],[-89.11308165970561,19.757598570208685],[-89.09709184959675,19.751489400358164],[-89.10231578029003,19.74533447961428],[-89.10321894971806,19.733924779855215],[-89.08011390968115,19.73101888036769],[-89.07285891046432,19.708565489922652],[-89.07421268986266,19.694194110276996],[-89.07603060002326,19.685432549996857],[-89.03620045960822,19.67803952036455],[-89.03052362981865,19.708831749731065],[-88.99752938019282,19.70488389022315],[-88.99474127980021,19.72743960008031],[-89.01538533956402,19.72297338008194],[-89.01695185019248,19.726386710278536],[-89.04882705971674,19.72149332032966],[-89.0251629796673,19.77670967959686],[-89.00408742991945,19.772007400011724],[-88.99946796983097,19.797994380380114],[-88.98440498042325,19.798160260376672],[-88.9844391495345,19.805205140101727],[-88.97610851000758,19.81076583016295],[-88.97445176960166,19.818100830316173],[-88.95638671971896,19.81682354985289],[-88.95451125977864,19.822891400226787],[-88.97359171026793,19.82395293976156],[-88.97329680035882,19.81868311989214],[-88.99691183018834,19.82031699962087],[-88.99006383013091,19.87558182966105],[-88.98491046026862,19.89340275022808],[-88.95867896989843,19.890261750106163],[-88.96490292042938,19.862929400033465],[-88.93473934027871,19.857874230440604],[-88.92557628040335,19.869034420385802],[-88.91950583033034,19.86687945984093],[-88.91665617974908,19.883103629727984],[-88.90935114954038,19.94184382007962],[-88.91919735020024,19.94277095017068],[-88.91732359989739,19.960175879889306],[-88.93393059995284,19.960907260135382],[-88.94528890988742,19.968967059637134],[-88.94189391997789,19.980937969740342],[-88.94627968984099,19.98706668026727],[-88.96600497046275,19.989650029709605],[-88.99970518039768,20.03273817960638],[-88.9962943503078,20.040817170149776],[-88.97674532030462,20.03785435012644],[-88.96915445967983,20.054055460352394],[-88.96760731044529,20.067627430365757],[-88.97728925018566,20.071880739968133],[-88.97643708962543,20.09047125019812],[-88.98782396969625,20.094450800892787],[-88.98468788965347,20.123768509625297],[-88.9929884002403,20.12471572045374]]]}},{"type":"Feature","properties":{"nombre":"Uayma","NOMGEO":"Uayma","CVEGEO":"31099"},"geometry":{"type":"Polygon","coordinates":[[[-88.32366342889658,20.854282141186285],[-88.33696088973254,20.855276659717163],[-88.33817102934448,20.870913660296505],[-88.34861688038912,20.887537090163093],[-88.35318405923358,20.902395890740003],[-88.37445759989492,20.922790860376388],[-88.38813881938465,20.895839661296865],[-88.40390089006208,20.895914520225695],[-88.41409672024471,20.88968852030255],[-88.41354037966049,20.86992458022385],[-88.41040226003219,20.86003528007602],[-88.40462384965583,20.8379631402997],[-88.39867674975065,20.830988710139483],[-88.39774237992638,20.80485987975563],[-88.39074686007503,20.787654430390244],[-88.37962226008304,20.788270720206107],[-88.37510212018992,20.79688425959178],[-88.35458171020773,20.789654140457046],[-88.3546720198024,20.799778289956468],[-88.37320604989206,20.802072049740165],[-88.36890442036652,20.812866830265516],[-88.36842174039458,20.833666019817688],[-88.35713165029492,20.838040750351944],[-88.34652025998187,20.836237999966322],[-88.34330650991718,20.819256259575436],[-88.3252471704292,20.8181150602577],[-88.31943454950469,20.809511660256106],[-88.32604358017343,20.798525970275264],[-88.32732380034633,20.78795787975615],[-88.33675970979372,20.776776119604076],[-88.33934551011738,20.76861862038579],[-88.34842031974279,20.77161871038221],[-88.34762363018012,20.759061910293944],[-88.38221369045122,20.76103964998293],[-88.38560334963508,20.741920480319433],[-88.38355553988703,20.733032420247046],[-88.38639388023941,20.713301510126882],[-88.39562284949028,20.702093060322085],[-88.40472131039394,20.709684889883917],[-88.43445603017645,20.71833035024114],[-88.43974874996661,20.707970780432625],[-88.44087415001576,20.687390919970884],[-88.43777062961318,20.68162295035952],[-88.44012210973726,20.669577079963375],[-88.42888249040682,20.653746480279906],[-88.43105711964292,20.661702140324824],[-88.41197593987498,20.66276065023616],[-88.40850468776317,20.67306039906161],[-88.40794605226509,20.6730154914086],[-88.39566168010471,20.676463319578097],[-88.38005026022529,20.67254491982857],[-88.37563213924467,20.687074220315132],[-88.38383057801478,20.68803548972237],[-88.38034570972941,20.712426619550712],[-88.36225534893683,20.706617119708234],[-88.37123830959774,20.687561090290004],[-88.34761774855384,20.68743275028108],[-88.34511773921868,20.705218830286427],[-88.33738271992475,20.704335080367148],[-88.34063016878497,20.69191437989116],[-88.33259899984253,20.68926431015198],[-88.31743224963039,20.693741029646848],[-88.31103869010994,20.680305320056426],[-88.30257594670412,20.681339511445266],[-88.3029758496368,20.702164510893024],[-88.31894494897315,20.699996910802398],[-88.31177248930314,20.71300694966046],[-88.31171623399183,20.713729378338464],[-88.3116655854898,20.7141422505614],[-88.31159642951043,20.71531234093411],[-88.31127941864224,20.71968145073805],[-88.31200663620808,20.719960589710386],[-88.31196274015149,20.720381000359367],[-88.3103289493701,20.72022789919445],[-88.31026107982719,20.720221539583726],[-88.30671023002775,20.719866490005032],[-88.3017474293563,20.719555581021407],[-88.29000154884478,20.71625566025805],[-88.28778808956679,20.71617474424984],[-88.28455301856361,20.745059320682707],[-88.29614977951773,20.745281940753863],[-88.30161811882323,20.75315205968456],[-88.308992029266,20.752728120518093],[-88.30863679915657,20.764267979953967],[-88.31825161854599,20.76948642060872],[-88.31816298005229,20.781366490153893],[-88.31000407976703,20.783077710137338],[-88.30164854000245,20.80072800067206],[-88.302515050267,20.811387000472862],[-88.29606124997545,20.823645779653937],[-88.31658540000169,20.832084000559256],[-88.32493051922549,20.84096094001336],[-88.32366342889658,20.854282141186285]]]}},{"type":"Feature","properties":{"nombre":"Yaxkukul","NOMGEO":"Yaxkukul","CVEGEO":"31105"},"geometry":{"type":"Polygon","coordinates":[[[-89.39739398282843,21.07502560781738],[-89.39774576979441,21.066441679873066],[-89.41495356979111,21.071960689936812],[-89.41750054016173,21.0864636302903],[-89.43150211973213,21.089722800318643],[-89.43829544958564,21.084843119751422],[-89.44556611035664,21.07806842981023],[-89.4652536202095,21.071378381109422],[-89.46705038018766,21.066293772226043],[-89.48488953997142,21.083487080303087],[-89.50069783028513,21.06432439960554],[-89.49683469535523,21.059634603450817],[-89.49633504367195,21.059028004599234],[-89.49521977902654,21.05767400078392],[-89.49520059869536,21.057650710847287],[-89.49338071018903,21.054163023785332],[-89.49343363658832,21.05202885987538],[-89.49345868873847,21.05101859959044],[-89.49099863013126,21.050911320154636],[-89.49165005964419,21.046062661686655],[-89.4928595462441,21.045214680295846],[-89.49799545971396,21.0386412503597],[-89.46002004972436,21.034030629860546],[-89.4664892002454,21.022740740036564],[-89.46029594014504,21.02328221974332],[-89.45223546039018,21.037160660152832],[-89.43108182006753,21.039272619619734],[-89.42390651013427,21.033491050197018],[-89.41510459953373,21.040240970248277],[-89.40725618008231,21.03307677995469],[-89.39973217012756,21.033992349741183],[-89.39651400044099,21.053605540163748],[-89.38911555007464,21.048903320306003],[-89.3863242898763,21.06466484961139],[-89.39413947519627,21.07345216959202],[-89.39467023727649,21.07348739929664],[-89.39480161962571,21.073496119641252],[-89.39744204959209,21.073577630089265],[-89.39737567952282,21.074487000307375],[-89.39738276206538,21.074695432070772],[-89.39739398282843,21.07502560781738]]]}},{"type":"Feature","properties":{"nombre":"Yobaín","NOMGEO":"Yobaín","CVEGEO":"31106"},"geometry":{"type":"Polygon","coordinates":[[[-89.08027670984988,21.21766368974874],[-89.07886207913025,21.237982850454788],[-89.08069030956833,21.257780249530544],[-89.07552445025756,21.267003289822505],[-89.0726526596915,21.29342899967026],[-89.07889989017507,21.294916740287],[-89.07978939959642,21.311477879542053],[-89.09826537915856,21.31340689067208],[-89.09692751873303,21.32275357007638],[-89.08548834865039,21.34383829094576],[-89.07291502982345,21.344188321029648],[-89.06836657894469,21.367565000366167],[-89.10126027868247,21.359262080663463],[-89.15801253924062,21.355136141231803],[-89.16069260022935,21.331072510836748],[-89.17525856891574,21.332040860222776],[-89.17674477005941,21.31316328010182],[-89.16278275038938,21.31025715057963],[-89.14668791900846,21.31127830955676],[-89.15014916977906,21.296418880477745],[-89.1661332804335,21.298113850116966],[-89.17182754001593,21.264927281276645],[-89.1556366292207,21.263438119836998],[-89.15182042861669,21.24486794060397],[-89.14848873977752,21.241109519574316],[-89.14952907858942,21.23670540055224],[-89.14274239981336,21.206387940222083],[-89.13952609038058,21.20976212013253],[-89.11642508016872,21.20852845060283],[-89.11651439946546,21.225842629607822],[-89.11636584935107,21.225831381186914],[-89.11358854900948,21.22538797045978],[-89.1075702887554,21.217134600771356],[-89.08248114923883,21.213492509698664],[-89.08027670984988,21.21766368974874]]]}}]}